datetime,visible_event,processed
2016-10-26 03:01:10.486,22,False
2016-10-26 03:03:56.320,22,False
2016-10-26 07:54:25.904,21,False
2016-10-26 09:40:43.214,22,False
2016-10-26 10:42:51.714,22,False
2016-10-26 15:42:19.188,21,False
2016-10-26 19:33:12.400,22,False
2016-10-26 22:33:55.076,21,False
2016-10-26 23:29:56.608,22,False
2016-10-26 03:01:10.486,22,False
2016-10-26 03:03:56.320,22,False
2016-10-26 07:54:25.904,21,False
2016-10-26 09:40:43.214,22,False
2016-10-26 10:42:51.714,22,False
2016-10-26 15:42:19.188,21,False
2016-10-26 19:33:12.400,22,False
2016-10-26 22:33:55.076,21,False
2016-10-26 23:29:56.608,22,False
2016-10-27 01:05:45.364,22,False
2016-10-27 02:22:46.468,21,False
2016-10-27 02:52:32.018,21,False
2016-10-27 04:40:13.484,21,False
2016-10-27 04:40:26.780,21,False
2016-10-27 05:05:29.972,21,False
2016-10-27 05:41:13.752,1,False
2016-10-27 05:48:23.216,3,False
2016-10-27 05:48:59.756,21,False
2016-10-27 07:26:17.662,21,False
2016-10-27 07:51:53.572,21,False
2016-10-27 08:03:17.792,22,False
2016-10-27 09:06:17.980,22,False
2016-10-27 09:30:35.726,22,False
2016-10-27 10:17:05.452,1,False
2016-10-27 10:39:47.478,21,False
2016-10-27 10:46:00.476,1,False
2016-10-27 10:46:08.278,21,False
2016-10-27 10:51:53.962,1,False
2016-10-27 10:52:25.888,21,False
2016-10-27 10:58:32.198,3,False
2016-10-27 11:03:12.042,21,False
2016-10-27 11:08:42.078,22,False
2016-10-27 11:31:03.660,1,False
2016-10-27 11:35:39.812,1,False
2016-10-27 11:43:11.398,21,False
2016-10-27 11:43:19.254,21,False
2016-10-27 11:43:21.254,21,False
2016-10-27 11:43:41.672,1,False
2016-10-27 11:46:15.684,21,False
2016-10-27 12:01:24.292,21,False
2016-10-27 12:14:43.114,1,False
2016-10-27 12:26:16.862,1,False
2016-10-27 12:46:24.788,1,False
2016-10-27 13:30:12.714,1,False
2016-10-27 14:56:46.770,1,False
2016-10-27 15:44:13.274,1,False
2016-10-27 16:08:45.818,1,False
2016-10-27 16:19:15.896,21,False
2016-10-27 16:25:13.636,21,False
2016-10-27 17:07:41.824,1,False
2016-10-27 17:15:08.430,1,False
2016-10-27 17:20:51.770,1,False
2016-10-27 17:47:04.892,21,False
2016-10-27 18:22:13.682,1,False
2016-10-27 18:39:20.152,1,False
2016-10-27 19:06:03.672,1,False
2016-10-27 19:15:45.358,1,False
2016-10-27 19:16:23.474,1,False
2016-10-27 19:42:57.536,1,False
2016-10-27 20:25:57.288,1,False
2016-10-27 21:26:18.614,1,False
2016-10-27 22:36:39.772,1,False
2016-10-27 23:15:42.122,1,False
2016-10-27 23:24:37.610,1,False
2016-10-27 23:36:48.956,1,False
2016-10-28 00:08:59.462,1,False
2016-10-28 00:44:21.382,1,False
2016-10-28 01:19:14.300,1,False
2016-10-28 01:32:51.202,1,False
2016-10-28 01:42:33.348,1,False
2016-10-28 02:12:58.212,1,False
2016-10-28 03:10:45.694,1,False
2016-10-28 03:23:00.746,1,False
2016-10-28 03:23:52.534,1,False
2016-10-28 04:12:21.570,1,False
2016-10-28 04:36:05.688,1,False
2016-10-28 04:39:56.368,21,False
2016-10-28 05:17:16.574,1,False
2016-10-28 06:06:56.884,21,False
2016-10-28 06:45:41.520,1,False
2016-10-28 06:58:04.640,21,False
2016-10-28 06:58:20.880,1,False
2016-10-28 07:35:20.676,1,False
2016-10-28 08:06:57.108,21,False
2016-10-28 08:26:14.738,1,False
2016-10-28 08:30:18.152,21,False
2016-10-28 08:55:11.512,1,False
2016-10-28 08:58:34.038,1,False
2016-10-28 09:11:59.516,1,False
2016-10-28 09:40:53.794,1,False
2016-10-28 10:05:15.168,1,False
2016-10-28 10:07:23.374,1,False
2016-10-28 10:18:04.134,1,False
2016-10-28 10:35:04.040,1,False
2016-10-28 10:49:29.974,1,False
2016-10-28 11:43:28.728,1,False
2016-10-28 11:51:54.774,1,False
2016-10-28 11:59:53.618,1,False
2016-10-28 12:55:11.350,1,False
2016-10-28 13:02:34.430,21,False
2016-10-28 13:27:48.610,21,False
2016-10-28 13:32:09.408,1,False
2016-10-28 13:35:58.274,1,False
2016-10-28 13:37:52.190,21,False
2016-10-28 14:01:49.194,1,False
2016-10-28 14:12:52.572,1,False
2016-10-28 14:12:55.924,21,False
2016-10-28 14:21:30.794,1,False
2016-10-28 14:58:53.696,1,False
2016-10-28 15:40:56.342,1,False
2016-10-28 15:43:34.680,1,False
2016-10-28 16:03:45.076,21,False
2016-10-28 16:34:18.722,1,False
2016-10-28 17:02:34.812,1,False
2016-10-28 17:24:41.470,1,False
2016-10-28 17:31:24.410,1,False
2016-10-28 17:44:58.160,1,False
2016-10-28 18:16:52.196,1,False
2016-10-28 18:19:25.654,1,False
2016-10-28 18:26:47.432,1,False
2016-10-28 19:07:51.514,1,False
2016-10-28 19:21:59.620,22,False
2016-10-28 19:22:11.390,21,False
2016-10-28 19:36:22.426,21,False
2016-10-28 19:42:58.828,1,False
2016-10-28 19:55:25.426,22,False
2016-10-28 20:02:02.650,1,False
2016-10-28 20:04:45.592,1,False
2016-10-28 20:33:24.718,21,False
2016-10-28 20:37:56.392,1,False
2016-10-28 20:53:41.694,1,False
2016-10-28 21:01:17.856,1,False
2016-10-28 21:45:37.064,1,False
2016-10-28 21:45:52.336,1,False
2016-10-28 21:46:19.822,21,False
2016-10-28 22:06:39.850,1,False
2016-10-28 22:21:19.952,1,False
2016-10-28 22:48:40.260,1,False
2016-10-28 23:44:33.634,21,False
2016-10-28 23:55:47.714,1,False
2016-10-29 00:08:25.176,1,False
2016-10-29 00:33:47.426,1,False
2016-10-29 00:54:10.390,1,False
2016-10-29 00:54:20.200,21,False
2016-10-29 00:56:10.670,1,False
2016-10-29 01:09:09.276,1,False
2016-10-29 02:20:21.996,1,False
2016-10-29 02:21:16.814,22,False
2016-10-29 03:11:48.052,1,False
2016-10-29 03:32:08.268,21,False
2016-10-29 03:32:18.698,1,False
2016-10-29 03:50:03.374,1,False
2016-10-29 03:50:25.684,21,False
2016-10-29 03:58:25.714,1,False
2016-10-29 03:59:18.106,1,False
2016-10-29 04:01:00.990,22,False
2016-10-29 04:02:49.494,22,False
2016-10-29 04:20:19.126,1,False
2016-10-29 05:13:43.314,1,False
2016-10-29 05:44:36.188,1,False
2016-10-29 05:59:30.176,1,False
2016-10-29 06:19:51.444,1,False
2016-10-29 06:56:36.004,22,False
2016-10-29 07:30:21.330,1,False
2016-10-29 07:34:48.068,1,False
2016-10-29 08:08:56.644,1,False
2016-10-29 08:17:05.720,21,False
2016-10-29 08:33:56.802,1,False
2016-10-29 08:34:25.350,1,False
2016-10-29 09:30:46.412,1,False
2016-10-29 09:42:55.372,1,False
2016-10-29 09:45:47.032,1,False
2016-10-29 10:11:18.402,1,False
2016-10-29 10:25:41.232,1,False
2016-10-29 11:09:42.476,1,False
2016-10-29 11:34:16.108,1,False
2016-10-29 11:58:08.842,1,False
2016-10-29 11:58:20.432,1,False
2016-10-29 12:43:59.352,1,False
2016-10-29 12:44:10.392,1,False
2016-10-29 12:44:16.122,21,False
2016-10-29 13:20:58.206,22,False
2016-10-29 13:22:04.752,3,False
2016-10-29 13:24:49.416,1,False
2016-10-29 13:33:23.532,1,False
2016-10-29 13:37:22.228,1,False
2016-10-29 13:41:46.588,1,False
2016-10-29 14:11:00.888,21,False
2016-10-29 14:11:04.970,1,False
2016-10-29 14:11:40.850,1,False
2016-10-29 14:39:13.686,1,False
2016-10-29 15:28:15.466,1,False
2016-10-29 15:29:18.026,1,False
2016-10-29 16:04:08.588,3,False
2016-10-29 16:09:18.468,1,False
2016-10-29 16:38:48.258,1,False
2016-10-29 16:59:25.232,1,False
2016-10-29 17:02:02.152,1,False
2016-10-29 17:11:07.416,21,False
2016-10-29 17:21:13.218,1,False
2016-10-29 18:00:32.636,21,False
2016-10-29 18:17:17.652,1,False
2016-10-29 18:17:32.970,1,False
2016-10-29 18:51:27.876,1,False
2016-10-29 19:11:26.486,21,False
2016-10-29 19:12:11.042,21,False
2016-10-29 19:41:41.966,1,False
2016-10-29 19:46:48.472,1,False
2016-10-29 19:55:00.156,1,False
2016-10-29 20:08:14.330,1,False
2016-10-29 20:19:35.614,3,False
2016-10-29 20:43:18.418,1,False
2016-10-29 21:04:40.430,1,False
2016-10-29 21:48:34.206,1,False
2016-10-29 21:51:18.056,1,False
2016-10-29 21:52:19.138,1,False
2016-10-29 22:06:10.822,1,False
2016-10-29 22:24:24.646,1,False
2016-10-29 22:49:44.102,1,False
2016-10-29 23:29:04.182,1,False
2016-10-30 00:30:52.254,1,False
2016-10-30 00:31:20.882,1,False
2016-10-30 01:12:20.632,22,False
2016-10-30 01:34:11.728,1,False
2016-10-30 01:35:59.108,1,False
2016-10-30 02:26:38.512,21,False
2016-10-30 02:27:59.778,1,False
2016-10-30 03:00:12.228,21,False
2016-10-30 03:07:39.938,1,False
2016-10-30 03:07:45.534,1,False
2016-10-30 03:45:40.088,1,False
2016-10-30 04:07:47.324,1,False
2016-10-30 04:07:52.790,1,False
2016-10-30 04:07:59.452,21,False
2016-10-30 04:08:04.402,1,False
2016-10-30 04:08:33.378,21,False
2016-10-30 04:37:55.242,22,False
2016-10-30 05:06:50.022,1,False
2016-10-30 05:10:52.634,21,False
2016-10-30 05:22:42.394,21,False
2016-10-30 06:52:14.030,1,False
2016-10-30 07:03:30.056,1,False
2016-10-30 07:12:07.022,1,False
2016-10-30 07:26:33.598,21,False
2016-10-30 07:58:18.458,21,False
2016-10-30 07:59:26.414,1,False
2016-10-30 08:13:00.854,1,False
2016-10-30 08:40:32.690,1,False
2016-10-30 08:40:58.768,1,False
2016-10-30 08:41:44.036,1,False
2016-10-30 09:40:51.752,1,False
2016-10-30 09:47:30.624,1,False
2016-10-30 10:07:48.500,1,False
2016-10-30 10:11:35.774,22,False
2016-10-30 10:35:50.022,21,False
2016-10-30 11:22:56.644,1,False
2016-10-30 11:23:32.406,1,False
2016-10-30 11:25:47.536,1,False
2016-10-30 11:25:51.476,21,False
2016-10-30 12:24:31.170,22,False
2016-10-30 13:05:30.670,22,False
2016-10-30 13:20:52.530,1,False
2016-10-30 14:48:43.726,1,False
2016-10-30 14:49:03.940,1,False
2016-10-30 14:49:55.548,1,False
2016-10-30 14:56:38.550,1,False
2016-10-30 15:23:53.002,1,False
2016-10-30 16:19:21.226,21,False
2016-10-30 16:19:44.946,1,False
2016-10-30 16:21:46.628,1,False
2016-10-30 16:47:05.530,22,False
2016-10-30 17:14:47.346,1,False
2016-10-30 17:15:33.934,1,False
2016-10-30 18:36:18.264,1,False
2016-10-30 18:36:40.380,1,False
2016-10-30 19:13:17.604,21,False
2016-10-30 19:59:45.366,21,False
2016-10-30 20:10:01.626,1,False
2016-10-30 20:52:06.768,22,False
2016-10-30 21:05:51.976,1,False
2016-10-30 21:06:01.114,1,False
2016-10-30 21:06:08.820,1,False
2016-10-30 22:18:54.878,1,False
2016-10-30 22:19:01.264,1,False
2016-10-30 23:11:38.514,1,False
2016-10-30 23:15:12.072,21,False
2016-10-30 23:15:14.072,21,False
2016-10-30 23:15:28.064,21,False
2016-10-31 00:17:19.124,21,False
2016-10-31 01:27:36.782,1,False
2016-10-31 01:28:13.528,3,False
2016-10-31 01:28:39.896,1,False
2016-10-31 01:29:21.380,1,False
2016-10-31 01:40:50.140,1,False
2016-10-31 01:44:07.674,1,False
2016-10-31 01:44:42.776,21,False
2016-10-31 01:48:17.718,1,False
2016-10-31 01:57:14.978,1,False
2016-10-31 02:00:44.282,1,False
2016-10-31 02:29:30.592,1,False
2016-10-31 02:32:24.992,1,False
2016-10-31 02:37:58.756,1,False
2016-10-31 02:40:49.504,1,False
2016-10-31 02:54:34.158,1,False
2016-10-31 02:55:12.058,1,False
2016-10-31 03:29:39.862,1,False
2016-10-31 03:29:57.378,21,False
2016-10-31 05:12:11.432,22,False
2016-10-31 05:45:43.966,21,False
2016-10-31 06:13:31.596,3,False
2016-10-31 06:14:03.122,1,False
2016-10-31 06:15:33.170,21,False
2016-10-31 06:18:34.546,1,False
2016-10-31 07:15:30.664,21,False
2016-10-31 07:17:23.898,21,False
2016-10-31 08:44:07.870,1,False
2016-10-31 10:47:46.282,21,False
2016-10-31 10:49:31.100,21,False
2016-10-31 13:29:08.358,21,False
2016-10-31 13:34:23.050,21,False
2016-10-31 13:43:47.950,21,False
2016-10-31 13:44:45.002,21,False
2016-10-31 15:28:06.150,22,False
2016-10-31 16:23:59.434,1,False
2016-10-31 16:24:13.932,1,False
2016-10-31 19:07:53.632,1,False
2016-10-31 19:31:38.938,1,False
2016-10-31 19:32:34.168,1,False
2016-10-31 22:07:08.088,21,False
2016-10-31 22:19:42.710,22,False
2016-10-31 22:39:33.342,22,False
2016-10-31 22:41:32.672,22,False
2016-10-31 22:48:34.486,22,False
2016-10-31 23:01:35.594,1,False
2016-10-31 23:17:08.012,1,False
2016-10-31 23:29:32.996,21,False
2016-10-31 23:32:29.958,1,False
2016-10-31 23:32:36.324,1,False
2016-10-31 23:33:23.202,1,False
2016-10-31 23:34:21.386,1,False
2016-10-31 23:34:28.030,3,False
2016-10-31 23:34:32.752,3,False
2016-10-31 23:43:04.296,1,False
2016-10-31 23:43:50.538,21,False
2016-10-31 23:44:44.578,1,False
2016-10-31 23:47:21.952,1,False
2016-10-31 23:47:54.336,21,False
2016-10-31 23:50:05.048,1,False
2016-10-31 23:52:26.752,21,False
2016-11-01 00:00:24.706,1,False
2016-11-01 00:07:40.056,1,False
2016-11-01 00:13:01.356,1,False
2016-11-01 00:15:10.006,1,False
2016-11-01 00:21:51.990,1,False
2016-11-01 00:28:23.816,1,False
2016-11-01 00:31:33.930,1,False
2016-11-01 00:36:22.782,1,False
2016-11-01 00:40:29.612,1,False
2016-11-01 00:47:41.832,1,False
2016-11-01 00:55:31.150,1,False
2016-11-01 01:03:51.690,1,False
2016-11-01 01:13:07.142,1,False
2016-11-01 01:21:41.232,21,False
2016-11-01 01:22:57.304,1,False
2016-11-01 01:32:12.482,1,False
2016-11-01 01:48:56.356,1,False
2016-11-01 01:58:14.500,1,False
2016-11-01 02:04:46.176,1,False
2016-11-01 02:12:08.478,1,False
2016-11-01 02:21:33.920,1,False
2016-11-01 02:30:00.488,1,False
2016-11-01 02:40:15.138,1,False
2016-11-01 02:49:31.854,1,False
2016-11-01 03:01:16.880,1,False
2016-11-01 03:12:13.128,1,False
2016-11-01 03:20:35.034,1,False
2016-11-01 03:32:27.282,1,False
2016-11-01 03:37:52.998,1,False
2016-11-01 03:51:03.834,1,False
2016-11-01 04:05:10.272,1,False
2016-11-01 04:17:33.472,1,False
2016-11-01 04:28:50.086,1,False
2016-11-01 04:30:48.796,1,False
2016-11-01 04:45:06.254,1,False
2016-11-01 04:54:30.952,1,False
2016-11-01 05:05:14.866,1,False
2016-11-01 05:12:41.426,1,False
2016-11-01 05:27:33.294,1,False
2016-11-01 05:34:07.844,1,False
2016-11-01 05:56:48.856,1,False
2016-11-01 05:59:09.076,1,False
2016-11-01 06:19:05.898,21,False
2016-11-01 06:25:03.192,21,False
2016-11-01 06:45:37.242,1,False
2016-11-01 06:51:44.264,21,False
2016-11-01 07:08:32.704,1,False
2016-11-01 07:08:55.514,21,False
2016-11-01 07:11:11.102,21,False
2016-11-01 07:16:34.032,1,False
2016-11-01 07:18:46.286,22,False
2016-11-01 07:21:43.162,3,False
2016-11-01 07:23:56.406,1,False
2016-11-01 07:44:31.112,1,False
2016-11-01 07:52:03.996,1,False
2016-11-01 07:57:54.360,21,False
2016-11-01 08:05:58.164,21,False
2016-11-01 08:09:48.526,1,False
2016-11-01 08:14:46.618,21,False
2016-11-01 08:17:00.872,21,False
2016-11-01 08:21:32.844,21,False
2016-11-01 08:25:31.658,1,False
2016-11-01 08:25:34.926,21,False
2016-11-01 08:28:29.878,21,False
2016-11-01 08:34:36.840,21,False
2016-11-01 08:44:24.562,21,False
2016-11-01 08:49:14.742,21,False
2016-11-01 08:50:41.294,21,False
2016-11-01 08:55:53.840,21,False
2016-11-01 08:57:20.394,1,False
2016-11-01 09:05:25.382,1,False
2016-11-01 09:15:25.978,1,False
2016-11-01 09:24:30.128,1,False
2016-11-01 09:36:44.048,1,False
2016-11-01 09:42:45.726,1,False
2016-11-01 09:43:26.128,1,False
2016-11-01 09:45:23.424,1,False
2016-11-01 09:50:44.050,21,False
2016-11-01 10:01:29.184,1,False
2016-11-01 10:07:14.534,1,False
2016-11-01 10:09:30.292,1,False
2016-11-01 10:14:34.020,3,False
2016-11-01 10:22:03.386,1,False
2016-11-01 10:28:32.370,1,False
2016-11-01 10:37:53.718,1,False
2016-11-01 10:48:04.164,1,False
2016-11-01 10:57:17.746,1,False
2016-11-01 11:03:48.502,1,False
2016-11-01 11:03:54.832,1,False
2016-11-01 11:07:32.360,1,False
2016-11-01 11:14:08.516,1,False
2016-11-01 11:29:11.992,1,False
2016-11-01 11:44:57.134,1,False
2016-11-01 11:59:17.066,1,False
2016-11-01 12:05:51.322,21,False
2016-11-01 12:06:21.916,21,False
2016-11-01 12:09:34.218,1,False
2016-11-01 12:12:04.954,1,False
2016-11-01 12:14:51.446,1,False
2016-11-01 12:16:38.990,1,False
2016-11-01 12:20:01.046,1,False
2016-11-01 12:24:33.040,1,False
2016-11-01 12:26:24.416,1,False
2016-11-01 12:30:53.602,1,False
2016-11-01 12:32:16.976,1,False
2016-11-01 12:35:44.444,1,False
2016-11-01 12:36:25.428,1,False
2016-11-01 12:40:39.978,1,False
2016-11-01 12:42:40.688,1,False
2016-11-01 12:43:35.596,1,False
2016-11-01 12:48:01.184,3,False
2016-11-01 12:53:16.782,1,False
2016-11-01 12:55:21.706,1,False
2016-11-01 13:00:31.072,22,False
2016-11-01 13:15:47.862,22,False
2016-11-01 13:17:06.860,1,False
2016-11-01 13:30:18.642,1,False
2016-11-01 13:31:19.860,1,False
2016-11-01 13:36:03.138,1,False
2016-11-01 13:53:24.470,1,False
2016-11-01 13:56:06.812,1,False
2016-11-01 13:57:32.086,1,False
2016-11-01 13:57:39.542,1,False
2016-11-01 13:58:14.024,1,False
2016-11-01 14:04:25.802,1,False
2016-11-01 14:15:54.316,1,False
2016-11-01 14:18:52.382,21,False
2016-11-01 14:29:59.750,1,False
2016-11-01 14:37:14.334,1,False
2016-11-01 14:40:57.910,1,False
2016-11-01 14:41:10.216,1,False
2016-11-01 14:42:16.286,1,False
2016-11-01 14:51:50.858,1,False
2016-11-01 14:54:14.260,1,False
2016-11-01 15:01:30.888,1,False
2016-11-01 15:02:36.612,1,False
2016-11-01 15:08:15.696,1,False
2016-11-01 15:15:53.926,1,False
2016-11-01 15:18:06.060,1,False
2016-11-01 15:22:23.676,1,False
2016-11-01 15:27:13.970,1,False
2016-11-01 15:31:55.842,1,False
2016-11-01 15:33:00.724,1,False
2016-11-01 15:42:39.926,1,False
2016-11-01 15:44:01.846,1,False
2016-11-01 15:44:40.048,21,False
2016-11-01 15:44:44.048,21,False
2016-11-01 15:45:15.312,1,False
2016-11-01 15:52:48.016,1,False
2016-11-01 16:01:20.438,21,False
2016-11-01 16:09:33.262,1,False
2016-11-01 16:32:40.134,1,False
2016-11-01 16:46:41.302,21,False
2016-11-01 16:53:20.812,1,False
2016-11-01 17:08:21.064,3,False
2016-11-01 17:10:04.626,1,False
2016-11-01 17:31:32.448,1,False
2016-11-01 17:33:12.314,1,False
2016-11-01 17:55:00.358,1,False
2016-11-01 18:05:17.772,1,False
2016-11-01 18:30:17.942,1,False
2016-11-01 19:02:56.634,1,False
2016-11-01 19:11:27.054,1,False
2016-11-01 19:31:53.686,1,False
2016-11-01 19:38:17.462,21,False
2016-11-01 19:51:06.148,1,False
2016-11-01 20:12:04.054,1,False
2016-11-01 20:42:55.158,1,False
2016-11-01 20:52:20.190,1,False
2016-11-01 21:22:07.864,1,False
2016-11-01 21:41:49.730,1,False
2016-11-01 22:01:26.426,21,False
2016-11-01 22:03:16.614,1,False
2016-11-01 22:10:07.562,21,False
2016-11-01 22:11:46.194,1,False
2016-11-01 22:13:05.234,21,False
2016-11-01 22:20:36.338,1,False
2016-11-01 22:26:06.062,1,False
2016-11-01 22:29:28.358,1,False
2016-11-01 22:29:38.792,1,False
2016-11-01 22:44:22.134,21,False
2016-11-01 22:44:24.236,1,False
2016-11-01 22:45:24.718,1,False
2016-11-01 23:32:35.402,1,False
2016-11-02 00:12:44.374,1,False
2016-11-02 00:13:06.926,1,False
2016-11-02 00:14:47.640,3,False
2016-11-02 00:14:54.012,1,False
2016-11-02 00:16:23.750,22,False
2016-11-02 00:23:33.508,22,False
2016-11-02 00:26:26.918,1,False
2016-11-02 00:31:27.822,1,False
2016-11-02 00:31:38.614,1,False
2016-11-02 00:31:42.594,21,False
2016-11-02 00:35:08.896,1,False
2016-11-02 00:35:57.318,3,False
2016-11-02 00:39:34.072,1,False
2016-11-02 00:40:33.054,21,False
2016-11-02 00:46:31.384,1,False
2016-11-02 00:54:24.670,21,False
2016-11-02 01:06:40.872,21,False
2016-11-02 01:08:01.256,1,False
2016-11-02 01:18:42.074,1,False
2016-11-02 01:26:02.786,1,False
2016-11-02 01:29:05.398,1,False
2016-11-02 01:35:45.512,1,False
2016-11-02 01:36:26.332,1,False
2016-11-02 01:42:49.866,1,False
2016-11-02 01:57:06.916,1,False
2016-11-02 01:58:38.748,1,False
2016-11-02 02:00:19.716,1,False
2016-11-02 02:07:55.478,1,False
2016-11-02 02:08:07.032,21,False
2016-11-02 02:09:19.152,1,False
2016-11-02 02:12:00.484,1,False
2016-11-02 02:12:16.622,1,False
2016-11-02 02:25:40.938,1,False
2016-11-02 02:26:04.502,1,False
2016-11-02 02:27:25.626,1,False
2016-11-02 02:48:50.096,1,False
2016-11-02 02:50:10.912,1,False
2016-11-02 02:51:45.424,1,False
2016-11-02 02:58:00.100,1,False
2016-11-02 02:58:12.850,1,False
2016-11-02 03:00:41.122,1,False
2016-11-02 03:13:03.604,1,False
2016-11-02 03:13:34.744,1,False
2016-11-02 03:13:41.990,21,False
2016-11-02 03:13:58.784,21,False
2016-11-02 03:34:31.516,1,False
2016-11-02 03:36:49.320,1,False
2016-11-02 03:41:36.624,1,False
2016-11-02 03:42:14.080,1,False
2016-11-02 03:42:22.312,1,False
2016-11-02 03:48:14.546,21,False
2016-11-02 03:48:17.912,21,False
2016-11-02 03:56:01.264,1,False
2016-11-02 04:01:01.116,1,False
2016-11-02 04:06:28.436,3,False
2016-11-02 04:07:01.506,1,False
2016-11-02 04:07:41.790,1,False
2016-11-02 04:09:41.108,22,False
2016-11-02 04:32:58.706,1,False
2016-11-02 04:35:24.126,1,False
2016-11-02 04:41:14.976,1,False
2016-11-02 04:44:14.704,21,False
2016-11-02 04:44:20.134,21,False
2016-11-02 04:46:04.178,21,False
2016-11-02 04:46:28.826,1,False
2016-11-02 04:58:04.802,1,False
2016-11-02 05:01:42.734,1,False
2016-11-02 05:02:06.048,1,False
2016-11-02 05:08:14.752,22,False
2016-11-02 05:17:37.478,21,False
2016-11-02 05:19:34.066,1,False
2016-11-02 05:19:54.508,1,False
2016-11-02 05:21:35.174,21,False
2016-11-02 05:30:20.158,22,False
2016-11-02 05:30:25.628,22,False
2016-11-02 05:30:49.436,22,False
2016-11-02 05:30:55.434,1,False
2016-11-02 05:31:26.172,21,False
2016-11-02 05:32:13.750,1,False
2016-11-02 05:33:32.680,22,False
2016-11-02 05:39:17.920,1,False
2016-11-02 05:56:05.724,21,False
2016-11-02 05:59:14.030,21,False
2016-11-02 05:59:38.046,1,False
2016-11-02 06:05:01.058,1,False
2016-11-02 06:14:17.462,1,False
2016-11-02 06:16:33.822,1,False
2016-11-02 06:28:54.190,21,False
2016-11-02 06:37:51.078,1,False
2016-11-02 06:38:03.182,1,False
2016-11-02 06:43:52.492,1,False
2016-11-02 06:44:43.854,1,False
2016-11-02 07:05:09.628,1,False
2016-11-02 07:14:56.674,1,False
2016-11-02 07:26:42.036,21,False
2016-11-02 07:48:05.028,1,False
2016-11-02 07:48:12.158,1,False
2016-11-02 08:02:16.340,1,False
2016-11-02 08:04:03.278,1,False
2016-11-02 08:15:01.580,1,False
2016-11-02 08:15:22.970,1,False
2016-11-02 08:21:27.032,1,False
2016-11-02 08:21:32.020,21,False
2016-11-02 08:42:25.682,21,False
2016-11-02 08:46:28.638,1,False
2016-11-02 09:03:55.736,1,False
2016-11-02 09:30:19.672,22,False
2016-11-02 09:31:01.644,21,False
2016-11-02 09:31:17.772,21,False
2016-11-02 09:31:57.736,1,False
2016-11-02 09:58:37.382,21,False
2016-11-02 10:10:29.630,1,False
2016-11-02 10:15:19.566,1,False
2016-11-02 10:37:56.098,1,False
2016-11-02 10:48:28.576,1,False
2016-11-02 10:49:53.296,1,False
2016-11-02 11:14:27.018,1,False
2016-11-02 11:38:34.948,1,False
2016-11-02 11:48:54.688,21,False
2016-11-02 12:00:11.142,1,False
2016-11-02 12:06:00.412,1,False
2016-11-02 12:20:09.306,1,False
2016-11-02 12:22:41.306,1,False
2016-11-02 12:40:46.512,1,False
2016-11-02 12:41:28.546,1,False
2016-11-02 12:41:34.454,21,False
2016-11-02 13:08:49.530,21,False
2016-11-02 13:36:26.080,21,False
2016-11-02 13:44:15.212,21,False
2016-11-02 14:21:15.226,21,False
2016-11-02 14:21:48.092,1,False
2016-11-02 14:22:04.676,1,False
2016-11-02 14:22:40.580,1,False
2016-11-02 14:24:55.500,1,False
2016-11-02 14:28:06.004,1,False
2016-11-02 14:28:42.126,21,False
2016-11-02 14:46:33.124,3,False
2016-11-02 14:47:03.818,21,False
2016-11-02 15:01:09.078,1,False
2016-11-02 15:42:10.434,1,False
2016-11-02 15:54:52.168,1,False
2016-11-02 15:55:04.720,21,False
2016-11-02 15:55:37.286,21,False
2016-11-02 15:55:49.860,1,False
2016-11-02 15:56:24.008,1,False
2016-11-02 16:18:36.404,1,False
2016-11-02 16:25:12.956,1,False
2016-11-02 16:25:31.262,1,False
2016-11-02 16:29:23.286,1,False
2016-11-02 16:29:31.688,1,False
2016-11-02 16:29:33.288,1,False
2016-11-02 16:44:45.204,1,False
2016-11-02 16:49:08.596,1,False
2016-11-02 16:57:42.942,1,False
2016-11-02 17:46:07.708,21,False
2016-11-02 17:46:52.974,21,False
2016-11-02 18:30:20.452,22,False
2016-11-02 18:55:14.432,22,False
2016-11-02 18:57:59.808,1,False
2016-11-02 19:18:35.184,1,False
2016-11-02 19:19:36.228,3,False
2016-11-02 19:51:07.550,21,False
2016-11-02 19:55:58.166,22,False
2016-11-02 21:51:42.526,21,False
2016-11-02 21:52:37.392,21,False
2016-11-02 22:01:15.952,1,False
2016-11-02 22:01:43.938,1,False
2016-11-02 22:07:24.450,1,False
2016-11-02 22:08:09.046,1,False
2016-11-02 22:30:47.442,21,False
2016-11-02 22:48:17.592,1,False
2016-11-02 22:49:11.786,21,False
2016-11-02 22:49:48.124,1,False
2016-11-02 22:53:03.312,21,False
2016-11-02 22:53:55.960,1,False
2016-11-02 23:37:53.952,21,False
2016-11-03 00:25:50.328,1,False
2016-11-03 00:27:08.550,21,False
2016-11-03 00:36:28.128,21,False
2016-11-03 00:43:09.360,1,False
2016-11-03 00:44:22.926,21,False
2016-11-03 00:48:57.140,1,False
2016-11-03 00:50:26.378,1,False
2016-11-03 00:51:28.810,21,False
2016-11-03 00:53:04.808,21,False
2016-11-03 00:54:09.418,1,False
2016-11-03 00:55:46.942,1,False
2016-11-03 00:57:26.280,1,False
2016-11-03 00:59:36.182,1,False
2016-11-03 01:03:34.584,1,False
2016-11-03 01:04:19.584,21,False
2016-11-03 01:05:01.532,21,False
2016-11-03 01:07:52.764,21,False
2016-11-03 01:08:29.346,1,False
2016-11-03 01:10:44.622,1,False
2016-11-03 01:14:19.150,1,False
2016-11-03 01:14:58.102,21,False
2016-11-03 01:18:19.644,1,False
2016-11-03 01:19:32.000,21,False
2016-11-03 01:24:29.414,1,False
2016-11-03 01:26:58.016,1,False
2016-11-03 01:28:54.982,21,False
2016-11-03 01:29:21.030,1,False
2016-11-03 01:29:30.802,21,False
2016-11-03 01:31:17.556,1,False
2016-11-03 01:32:55.168,1,False
2016-11-03 01:33:12.286,1,False
2016-11-03 01:33:52.012,1,False
2016-11-03 01:34:47.936,21,False
2016-11-03 01:38:21.274,1,False
2016-11-03 01:38:28.556,1,False
2016-11-03 01:39:13.272,1,False
2016-11-03 01:40:37.356,21,False
2016-11-03 01:41:44.400,21,False
2016-11-03 01:42:04.902,1,False
2016-11-03 01:42:49.510,21,False
2016-11-03 01:43:55.084,1,False
2016-11-03 01:46:19.414,1,False
2016-11-03 01:46:55.138,21,False
2016-11-03 01:46:59.836,21,False
2016-11-03 01:47:47.746,1,False
2016-11-03 01:48:09.286,21,False
2016-11-03 01:48:40.460,1,False
2016-11-03 01:49:33.542,21,False
2016-11-03 01:53:15.408,1,False
2016-11-03 01:53:33.188,1,False
2016-11-03 01:54:12.300,1,False
2016-11-03 01:56:36.724,1,False
2016-11-03 01:57:28.866,1,False
2016-11-03 01:59:08.690,1,False
2016-11-03 02:01:47.864,1,False
2016-11-03 02:12:14.238,21,False
2016-11-03 02:17:48.224,1,False
2016-11-03 02:20:36.766,1,False
2016-11-03 02:29:49.858,1,False
2016-11-03 02:33:20.464,1,False
2016-11-03 02:40:30.830,1,False
2016-11-03 02:44:57.646,1,False
2016-11-03 02:57:44.116,1,False
2016-11-03 03:08:04.630,1,False
2016-11-03 03:13:34.030,1,False
2016-11-03 03:14:26.618,1,False
2016-11-03 03:24:09.754,21,False
2016-11-03 03:29:37.330,1,False
2016-11-03 03:51:21.642,21,False
2016-11-03 03:52:09.816,1,False
2016-11-03 03:52:09.614,21,False
2016-11-03 03:55:45.346,1,False
2016-11-03 04:05:26.880,1,False
2016-11-03 04:08:43.010,1,False
2016-11-03 04:15:35.782,1,False
2016-11-03 04:18:10.224,1,False
2016-11-03 04:19:15.078,1,False
2016-11-03 04:24:57.638,1,False
2016-11-03 04:27:32.842,1,False
2016-11-03 04:28:18.888,1,False
2016-11-03 04:31:12.978,1,False
2016-11-03 04:37:56.720,1,False
2016-11-03 04:41:34.848,1,False
2016-11-03 04:48:47.106,1,False
2016-11-03 04:50:30.874,1,False
2016-11-03 04:58:12.682,1,False
2016-11-03 04:59:48.646,1,False
2016-11-03 05:02:11.210,1,False
2016-11-03 05:11:39.850,1,False
2016-11-03 05:16:00.798,1,False
2016-11-03 05:31:02.958,1,False
2016-11-03 05:47:17.596,1,False
2016-11-03 05:50:23.990,1,False
2016-11-03 05:59:45.694,1,False
2016-11-03 06:19:03.114,1,False
2016-11-03 06:22:52.514,1,False
2016-11-03 06:27:19.246,1,False
2016-11-03 06:29:07.660,1,False
2016-11-03 06:29:58.462,1,False
2016-11-03 06:36:36.560,1,False
2016-11-03 06:40:43.372,21,False
2016-11-03 06:46:38.744,1,False
2016-11-03 06:46:55.962,21,False
2016-11-03 06:56:46.358,1,False
2016-11-03 07:02:15.236,1,False
2016-11-03 07:08:47.200,21,False
2016-11-03 07:10:12.786,1,False
2016-11-03 07:16:41.214,1,False
2016-11-03 07:26:39.046,1,False
2016-11-03 07:32:08.036,1,False
2016-11-03 07:37:38.120,1,False
2016-11-03 07:38:22.600,1,False
2016-11-03 07:43:49.346,1,False
2016-11-03 07:55:42.766,1,False
2016-11-03 07:59:57.436,21,False
2016-11-03 08:15:43.944,1,False
2016-11-03 08:17:15.866,1,False
2016-11-03 08:20:39.928,1,False
2016-11-03 08:25:52.896,1,False
2016-11-03 08:32:56.686,1,False
2016-11-03 08:36:25.672,1,False
2016-11-03 08:36:45.412,1,False
2016-11-03 08:38:33.172,1,False
2016-11-03 08:38:55.986,1,False
2016-11-03 08:39:20.290,1,False
2016-11-03 08:41:34.478,1,False
2016-11-03 08:42:21.978,1,False
2016-11-03 08:45:26.566,1,False
2016-11-03 08:47:27.076,1,False
2016-11-03 08:50:51.154,1,False
2016-11-03 08:52:33.866,1,False
2016-11-03 08:56:31.228,1,False
2016-11-03 08:58:39.818,1,False
2016-11-03 09:02:36.442,1,False
2016-11-03 09:11:02.936,1,False
2016-11-03 09:13:24.518,1,False
2016-11-03 09:17:14.384,1,False
2016-11-03 09:19:45.472,21,False
2016-11-03 09:21:30.360,1,False
2016-11-03 09:23:14.606,1,False
2016-11-03 09:27:09.676,1,False
2016-11-03 09:29:04.800,1,False
2016-11-03 09:31:06.068,1,False
2016-11-03 09:37:37.496,1,False
2016-11-03 09:44:38.546,21,False
2016-11-03 09:45:41.418,1,False
2016-11-03 09:49:51.174,1,False
2016-11-03 09:54:18.178,1,False
2016-11-03 09:59:06.192,1,False
2016-11-03 10:05:38.100,1,False
2016-11-03 10:08:59.752,1,False
2016-11-03 10:14:57.702,1,False
2016-11-03 10:18:47.648,1,False
2016-11-03 10:22:11.508,1,False
2016-11-03 10:33:24.304,1,False
2016-11-03 10:39:26.000,1,False
2016-11-03 10:56:07.424,1,False
2016-11-03 10:57:51.424,1,False
2016-11-03 11:05:56.534,21,False
2016-11-03 11:09:16.892,1,False
2016-11-03 11:11:56.816,1,False
2016-11-03 11:15:08.364,1,False
2016-11-03 11:21:40.350,1,False
2016-11-03 11:31:34.874,1,False
2016-11-03 11:34:26.426,1,False
2016-11-03 11:35:47.282,1,False
2016-11-03 11:39:23.802,1,False
2016-11-03 11:40:46.706,1,False
2016-11-03 11:50:55.728,1,False
2016-11-03 11:51:08.032,21,False
2016-11-03 11:52:08.732,1,False
2016-11-03 11:57:40.732,1,False
2016-11-03 11:59:22.364,1,False
2016-11-03 12:04:15.020,1,False
2016-11-03 12:07:03.846,3,False
2016-11-03 12:10:52.800,1,False
2016-11-03 12:11:02.202,1,False
2016-11-03 12:14:37.524,1,False
2016-11-03 12:15:45.026,1,False
2016-11-03 12:17:51.434,1,False
2016-11-03 12:19:19.216,1,False
2016-11-03 12:19:48.292,1,False
2016-11-03 12:27:30.322,1,False
2016-11-03 12:27:31.322,1,False
2016-11-03 12:30:59.792,1,False
2016-11-03 12:32:11.310,1,False
2016-11-03 12:36:02.428,1,False
2016-11-03 12:40:58.082,1,False
2016-11-03 12:42:00.712,1,False
2016-11-03 12:47:47.018,1,False
2016-11-03 12:49:17.796,21,False
2016-11-03 12:49:18.796,1,False
2016-11-03 12:54:28.242,1,False
2016-11-03 12:54:32.572,21,False
2016-11-03 12:54:40.216,1,False
2016-11-03 12:59:24.024,1,False
2016-11-03 13:02:45.834,21,False
2016-11-03 13:05:32.890,1,False
2016-11-03 13:06:27.086,21,False
2016-11-03 13:07:38.044,1,False
2016-11-03 13:09:25.392,1,False
2016-11-03 13:10:48.018,1,False
2016-11-03 13:13:31.236,21,False
2016-11-03 13:15:03.040,21,False
2016-11-03 13:16:27.660,21,False
2016-11-03 13:17:06.570,21,False
2016-11-03 13:18:39.354,21,False
2016-11-03 13:20:37.832,21,False
2016-11-03 13:22:53.012,1,False
2016-11-03 13:23:47.714,21,False
2016-11-03 13:23:49.734,21,False
2016-11-03 13:24:57.438,21,False
2016-11-03 13:26:01.912,21,False
2016-11-03 13:26:43.676,1,False
2016-11-03 13:27:42.850,1,False
2016-11-03 13:30:48.298,1,False
2016-11-03 13:31:11.524,1,False
2016-11-03 13:31:35.288,21,False
2016-11-03 13:32:43.640,1,False
2016-11-03 13:33:37.228,21,False
2016-11-03 13:35:07.536,1,False
2016-11-03 13:36:44.930,21,False
2016-11-03 13:37:30.704,1,False
2016-11-03 13:39:21.102,1,False
2016-11-03 13:39:32.664,21,False
2016-11-03 13:43:00.276,1,False
2016-11-03 13:44:12.610,1,False
2016-11-03 13:44:18.700,1,False
2016-11-03 13:47:01.028,1,False
2016-11-03 13:47:03.374,1,False
2016-11-03 13:48:24.044,1,False
2016-11-03 13:54:11.124,1,False
2016-11-03 13:56:41.410,1,False
2016-11-03 13:59:52.758,1,False
2016-11-03 14:00:31.410,1,False
2016-11-03 14:02:33.448,1,False
2016-11-03 14:02:56.596,21,False
2016-11-03 14:04:48.188,1,False
2016-11-03 14:06:47.192,1,False
2016-11-03 14:08:05.476,1,False
2016-11-03 14:08:58.508,1,False
2016-11-03 14:12:32.056,1,False
2016-11-03 14:16:02.600,1,False
2016-11-03 14:16:56.770,1,False
2016-11-03 14:21:54.806,1,False
2016-11-03 14:22:33.240,1,False
2016-11-03 14:32:25.276,1,False
2016-11-03 14:32:31.006,1,False
2016-11-03 14:32:45.956,21,False
2016-11-03 14:39:59.698,1,False
2016-11-03 14:41:24.578,21,False
2016-11-03 14:45:33.796,1,False
2016-11-03 14:49:13.174,1,False
2016-11-03 14:53:27.158,1,False
2016-11-03 14:58:44.220,21,False
2016-11-03 14:59:49.466,21,False
2016-11-03 15:01:35.224,21,False
2016-11-03 15:06:11.794,21,False
2016-11-03 15:14:38.092,1,False
2016-11-03 15:42:21.058,21,False
2016-11-03 15:51:51.244,21,False
2016-11-03 15:59:19.130,21,False
2016-11-03 16:01:00.544,1,False
2016-11-03 16:11:19.510,1,False
2016-11-03 16:24:07.002,1,False
2016-11-03 16:25:09.212,21,False
2016-11-03 16:26:57.724,21,False
2016-11-03 16:50:08.984,21,False
2016-11-03 17:17:42.864,21,False
2016-11-03 17:34:53.694,1,False
2016-11-03 17:39:46.640,1,False
2016-11-03 18:09:57.130,1,False
2016-11-03 18:10:25.500,21,False
2016-11-03 21:38:50.244,21,False
2016-11-03 22:22:40.670,1,False
2016-11-04 00:08:10.436,21,False
2016-11-04 00:19:13.650,21,False
2016-11-04 01:32:51.098,1,False
2016-11-04 01:34:30.816,22,False
2016-11-04 02:18:26.932,21,False
2016-11-04 02:19:31.360,21,False
2016-11-04 02:28:10.266,21,False
2016-11-04 02:45:05.358,21,False
2016-11-04 02:56:05.282,1,False
2016-11-04 02:57:00.100,21,False
2016-11-04 02:57:31.382,1,False
2016-11-04 03:44:57.684,21,False
2016-11-04 03:47:33.678,1,False
2016-11-04 03:57:12.960,1,False
2016-11-04 04:14:38.368,1,False
2016-11-04 04:17:05.666,1,False
2016-11-04 04:33:39.312,1,False
2016-11-04 04:36:36.922,1,False
2016-11-04 05:18:44.646,1,False
2016-11-04 05:23:30.924,21,False
2016-11-04 05:23:48.736,1,False
2016-11-04 05:23:58.036,1,False
2016-11-04 05:47:19.648,1,False
2016-11-04 05:51:36.690,21,False
2016-11-04 06:17:53.580,21,False
2016-11-04 06:48:25.972,1,False
2016-11-04 07:11:57.666,21,False
2016-11-04 07:12:24.158,1,False
2016-11-04 07:23:28.190,1,False
2016-11-04 07:25:22.372,1,False
2016-11-04 07:40:37.886,22,False
2016-11-04 07:49:54.980,21,False
2016-11-04 07:53:17.942,21,False
2016-11-04 08:13:33.498,1,False
2016-11-04 08:27:56.936,22,False
2016-11-04 08:35:52.192,1,False
2016-11-04 08:42:38.378,22,False
2016-11-04 08:55:26.344,1,False
2016-11-04 08:57:56.916,1,False
2016-11-04 09:38:55.412,1,False
2016-11-04 09:54:15.514,1,False
2016-11-04 10:16:36.888,1,False
2016-11-04 10:23:25.888,21,False
2016-11-04 10:58:03.926,1,False
2016-11-04 11:34:36.538,1,False
2016-11-04 11:36:42.538,1,False
2016-11-04 11:56:41.538,1,False
2016-11-04 11:59:23.924,21,False
2016-11-04 12:07:20.838,1,False
2016-11-04 12:23:00.168,1,False
2016-11-04 12:45:39.126,1,False
2016-11-04 13:10:18.356,1,False
2016-11-04 13:14:58.316,21,False
2016-11-04 13:43:00.100,1,False
2016-11-04 13:44:25.526,1,False
2016-11-04 13:49:22.906,1,False
2016-11-04 14:24:03.580,21,False
2016-11-04 14:24:19.914,1,False
2016-11-04 14:28:10.666,1,False
2016-11-04 15:16:36.160,21,False
2016-11-04 15:53:24.670,21,False
2016-11-04 16:03:31.434,1,False
2016-11-04 16:48:18.002,21,False
2016-11-04 16:57:02.434,1,False
2016-11-04 17:09:43.250,1,False
2016-11-04 17:32:28.880,1,False
2016-11-04 17:53:11.250,1,False
2016-11-04 18:09:22.274,1,False
2016-11-04 18:13:09.810,21,False
2016-11-04 18:18:32.722,21,False
2016-11-04 18:22:56.496,21,False
2016-11-04 18:23:41.336,1,False
2016-11-04 18:30:13.588,1,False
2016-11-04 18:32:04.880,21,False
2016-11-04 18:36:30.078,21,False
2016-11-04 18:37:53.212,1,False
2016-11-04 18:40:45.176,21,False
2016-11-04 19:07:14.482,21,False
2016-11-04 19:07:20.960,21,False
2016-11-04 19:26:45.672,1,False
2016-11-04 19:27:07.490,1,False
2016-11-04 19:32:57.714,21,False
2016-11-04 19:38:40.720,1,False
2016-11-04 19:49:17.090,21,False
2016-11-04 19:52:44.028,21,False
2016-11-04 19:54:22.222,1,False
2016-11-04 20:20:58.592,1,False
2016-11-04 20:22:30.592,1,False
2016-11-04 20:25:09.664,1,False
2016-11-04 20:29:59.514,1,False
2016-11-04 20:39:23.630,1,False
2016-11-04 20:41:24.702,1,False
2016-11-04 20:46:59.052,1,False
2016-11-04 20:53:24.782,1,False
2016-11-04 20:55:42.430,1,False
2016-11-04 20:57:07.390,1,False
2016-11-04 20:59:51.778,1,False
2016-11-04 21:01:21.114,1,False
2016-11-04 21:02:45.746,1,False
2016-11-04 21:05:13.236,1,False
2016-11-04 21:11:10.572,1,False
2016-11-04 21:12:50.154,1,False
2016-11-04 21:16:42.600,1,False
2016-11-04 21:17:54.080,1,False
2016-11-04 21:20:14.804,1,False
2016-11-04 21:31:10.476,1,False
2016-11-04 21:31:41.536,1,False
2016-11-04 21:37:53.894,1,False
2016-11-04 21:44:09.314,1,False
2016-11-04 21:44:30.944,1,False
2016-11-04 21:45:28.102,1,False
2016-11-04 21:48:03.692,1,False
2016-11-04 21:48:03.692,21,False
2016-11-04 22:02:13.654,1,False
2016-11-04 22:07:19.032,1,False
2016-11-04 22:07:39.970,1,False
2016-11-04 22:07:48.324,21,False
2016-11-04 22:10:07.474,21,False
2016-11-04 22:10:13.806,21,False
2016-11-04 22:16:35.028,21,False
2016-11-04 22:21:55.154,1,False
2016-11-04 22:25:12.610,1,False
2016-11-04 22:27:15.994,1,False
2016-11-04 22:31:19.392,1,False
2016-11-04 22:43:23.596,1,False
2016-11-04 22:44:10.380,1,False
2016-11-04 22:47:33.546,1,False
2016-11-04 22:55:31.690,1,False
2016-11-04 22:59:18.846,1,False
2016-11-04 22:59:32.738,1,False
2016-11-04 23:01:37.588,21,False
2016-11-04 23:02:00.450,1,False
2016-11-04 23:08:37.144,1,False
2016-11-04 23:10:12.688,1,False
2016-11-04 23:11:09.102,1,False
2016-11-04 23:13:51.830,1,False
2016-11-04 23:16:19.278,1,False
2016-11-04 23:19:35.516,1,False
2016-11-04 23:23:52.386,1,False
2016-11-04 23:26:28.064,1,False
2016-11-04 23:30:00.276,1,False
2016-11-04 23:30:08.382,1,False
2016-11-04 23:30:26.114,21,False
2016-11-04 23:36:59.054,1,False
2016-11-04 23:47:00.688,1,False
2016-11-04 23:51:51.700,1,False
2016-11-04 23:53:47.364,1,False
2016-11-04 23:59:03.800,1,False
2016-11-05 00:00:26.520,1,False
2016-11-05 00:11:23.534,1,False
2016-11-05 00:11:25.534,1,False
2016-11-05 00:23:21.644,1,False
2016-11-05 00:23:26.624,1,False
2016-11-05 00:23:29.592,21,False
2016-11-05 00:23:31.898,21,False
2016-11-05 00:29:29.290,1,False
2016-11-05 00:29:43.382,1,False
2016-11-05 00:31:19.058,1,False
2016-11-05 00:41:40.362,1,False
2016-11-05 00:42:08.284,1,False
2016-11-05 00:43:57.776,21,False
2016-11-05 00:58:03.668,21,False
2016-11-05 00:58:40.190,1,False
2016-11-05 00:58:46.238,1,False
2016-11-05 01:02:18.738,1,False
2016-11-05 01:10:22.346,1,False
2016-11-05 01:11:20.476,1,False
2016-11-05 01:12:04.052,21,False
2016-11-05 01:12:22.368,1,False
2016-11-05 01:14:17.898,1,False
2016-11-05 01:15:22.564,1,False
2016-11-05 01:25:55.286,1,False
2016-11-05 01:29:14.196,1,False
2016-11-05 01:31:49.288,1,False
2016-11-05 01:34:54.420,1,False
2016-11-05 01:37:21.362,1,False
2016-11-05 01:38:10.866,1,False
2016-11-05 01:40:09.758,1,False
2016-11-05 01:43:10.954,1,False
2016-11-05 01:49:40.880,1,False
2016-11-05 01:59:56.272,21,False
2016-11-05 02:04:09.552,1,False
2016-11-05 02:17:14.006,1,False
2016-11-05 02:27:25.544,1,False
2016-11-05 02:27:27.544,21,False
2016-11-05 02:47:13.240,1,False
2016-11-05 03:01:21.718,1,False
2016-11-05 03:01:34.958,21,False
2016-11-05 03:02:18.436,1,False
2016-11-05 03:13:30.448,1,False
2016-11-05 03:13:50.282,1,False
2016-11-05 03:19:42.134,1,False
2016-11-05 03:22:52.168,1,False
2016-11-05 03:23:55.618,1,False
2016-11-05 03:30:43.450,22,False
2016-11-05 03:40:08.586,1,False
2016-11-05 03:40:35.310,1,False
2016-11-05 03:40:58.968,21,False
2016-11-05 03:42:32.722,1,False
2016-11-05 04:04:57.342,1,False
2016-11-05 04:36:00.876,1,False
2016-11-05 04:51:36.084,1,False
2016-11-05 05:02:21.038,1,False
2016-11-05 05:09:39.900,1,False
2016-11-05 05:27:11.652,1,False
2016-11-05 05:38:45.510,1,False
2016-11-05 05:55:28.928,1,False
2016-11-05 06:10:13.596,21,False
2016-11-05 06:10:16.038,21,False
2016-11-05 06:10:26.002,1,False
2016-11-05 06:16:35.038,21,False
2016-11-05 06:26:01.764,21,False
2016-11-05 06:27:20.864,1,False
2016-11-05 06:43:08.722,1,False
2016-11-05 06:45:15.722,21,False
2016-11-05 06:49:02.130,1,False
2016-11-05 06:49:33.928,21,False
2016-11-05 06:49:58.840,21,False
2016-11-05 06:53:36.998,21,False
2016-11-05 06:55:01.994,21,False
2016-11-05 06:57:11.146,1,False
2016-11-05 06:59:26.154,1,False
2016-11-05 07:06:07.090,1,False
2016-11-05 07:07:51.634,3,False
2016-11-05 07:20:24.554,1,False
2016-11-05 07:31:25.638,1,False
2016-11-05 07:34:04.120,1,False
2016-11-05 07:38:38.402,1,False
2016-11-05 07:40:49.160,1,False
2016-11-05 07:40:55.320,21,False
2016-11-05 07:41:37.980,1,False
2016-11-05 07:42:00.450,1,False
2016-11-05 07:53:44.334,1,False
2016-11-05 07:57:25.034,1,False
2016-11-05 08:03:30.826,21,False
2016-11-05 08:04:33.082,1,False
2016-11-05 08:05:48.658,1,False
2016-11-05 08:10:03.466,1,False
2016-11-05 08:16:09.612,1,False
2016-11-05 08:18:08.180,21,False
2016-11-05 08:22:40.448,1,False
2016-11-05 08:23:20.136,1,False
2016-11-05 08:24:55.808,1,False
2016-11-05 08:28:14.176,1,False
2016-11-05 08:28:51.580,1,False
2016-11-05 08:33:08.176,1,False
2016-11-05 08:34:18.850,1,False
2016-11-05 08:36:40.468,1,False
2016-11-05 08:38:07.106,1,False
2016-11-05 08:38:23.250,1,False
2016-11-05 08:41:07.874,1,False
2016-11-05 08:41:19.876,1,False
2016-11-05 08:44:20.982,21,False
2016-11-05 08:44:24.220,1,False
2016-11-05 08:48:35.356,1,False
2016-11-05 08:50:43.930,1,False
2016-11-05 08:50:50.690,21,False
2016-11-05 08:51:09.966,1,False
2016-11-05 08:51:36.246,1,False
2016-11-05 08:55:47.918,1,False
2016-11-05 08:55:49.018,21,False
2016-11-05 08:58:26.030,1,False
2016-11-05 09:03:45.026,1,False
2016-11-05 09:07:56.476,1,False
2016-11-05 09:08:18.982,1,False
2016-11-05 09:21:02.966,21,False
2016-11-05 09:24:58.516,1,False
2016-11-05 09:25:12.180,1,False
2016-11-05 09:31:15.080,1,False
2016-11-05 09:33:06.782,1,False
2016-11-05 09:43:22.060,1,False
2016-11-05 09:43:26.766,21,False
2016-11-05 09:51:46.444,1,False
2016-11-05 10:04:15.172,1,False
2016-11-05 10:18:01.658,1,False
2016-11-05 10:27:27.514,1,False
2016-11-05 10:29:50.528,1,False
2016-11-05 10:33:33.740,1,False
2016-11-05 10:36:13.900,1,False
2016-11-05 10:37:00.778,1,False
2016-11-05 10:44:15.930,1,False
2016-11-05 10:47:27.668,1,False
2016-11-05 10:57:07.804,1,False
2016-11-05 11:05:11.122,1,False
2016-11-05 11:07:17.698,1,False
2016-11-05 11:09:16.466,1,False
2016-11-05 11:09:37.878,1,False
2016-11-05 11:14:44.448,3,False
2016-11-05 11:20:49.022,1,False
2016-11-05 11:20:54.476,1,False
2016-11-05 11:25:28.732,1,False
2016-11-05 11:29:09.430,1,False
2016-11-05 11:39:35.768,1,False
2016-11-05 11:47:19.502,1,False
2016-11-05 11:53:20.184,21,False
2016-11-05 12:00:49.924,1,False
2016-11-05 12:03:59.548,1,False
2016-11-05 12:04:17.598,1,False
2016-11-05 12:08:14.190,1,False
2016-11-05 12:16:26.938,1,False
2016-11-05 12:19:23.302,1,False
2016-11-05 12:24:28.022,1,False
2016-11-05 12:37:15.944,1,False
2016-11-05 12:38:02.738,1,False
2016-11-05 12:44:54.782,1,False
2016-11-05 12:45:05.434,1,False
2016-11-05 12:48:53.788,1,False
2016-11-05 12:49:51.958,1,False
2016-11-05 13:00:29.920,21,False
2016-11-05 13:07:12.342,1,False
2016-11-05 13:08:03.432,21,False
2016-11-05 13:09:09.568,21,False
2016-11-05 13:12:30.334,1,False
2016-11-05 13:17:00.836,1,False
2016-11-05 13:17:16.068,1,False
2016-11-05 13:21:56.268,21,False
2016-11-05 13:22:05.454,21,False
2016-11-05 13:22:17.350,1,False
2016-11-05 13:22:51.086,21,False
2016-11-05 13:22:56.586,1,False
2016-11-05 13:23:30.950,1,False
2016-11-05 13:26:55.628,1,False
2016-11-05 13:29:47.194,1,False
2016-11-05 13:30:51.392,1,False
2016-11-05 13:34:55.560,1,False
2016-11-05 13:35:11.014,1,False
2016-11-05 13:35:57.846,1,False
2016-11-05 13:41:23.056,1,False
2016-11-05 13:45:40.922,1,False
2016-11-05 13:46:09.132,1,False
2016-11-05 13:57:27.360,1,False
2016-11-05 13:57:58.654,1,False
2016-11-05 14:00:07.516,1,False
2016-11-05 14:03:16.236,1,False
2016-11-05 14:22:05.742,1,False
2016-11-05 14:25:23.114,1,False
2016-11-05 14:27:10.368,1,False
2016-11-05 14:30:18.370,21,False
2016-11-05 14:31:46.666,1,False
2016-11-05 14:34:47.540,1,False
2016-11-05 14:46:35.304,1,False
2016-11-05 14:52:41.174,1,False
2016-11-05 14:53:26.842,1,False
2016-11-05 14:57:04.828,1,False
2016-11-05 14:57:29.280,1,False
2016-11-05 14:57:48.188,1,False
2016-11-05 14:58:32.844,1,False
2016-11-05 15:03:48.884,1,False
2016-11-05 15:04:12.966,1,False
2016-11-05 15:04:17.896,1,False
2016-11-05 15:05:53.370,1,False
2016-11-05 15:08:12.966,1,False
2016-11-05 15:09:19.538,1,False
2016-11-05 15:09:55.364,1,False
2016-11-05 15:17:16.990,1,False
2016-11-05 15:20:33.392,1,False
2016-11-05 15:21:49.040,1,False
2016-11-05 15:22:01.124,1,False
2016-11-05 15:25:06.138,1,False
2016-11-05 15:30:40.014,1,False
2016-11-05 15:32:32.248,1,False
2016-11-05 15:34:07.964,1,False
2016-11-05 15:34:37.444,1,False
2016-11-05 15:37:03.504,1,False
2016-11-05 15:38:24.392,1,False
2016-11-05 15:38:25.392,1,False
2016-11-05 15:41:15.360,1,False
2016-11-05 15:44:13.256,1,False
2016-11-05 15:45:00.706,1,False
2016-11-05 15:53:19.064,1,False
2016-11-05 16:00:09.636,21,False
2016-11-05 16:01:07.060,1,False
2016-11-05 16:04:42.254,1,False
2016-11-05 16:07:11.942,1,False
2016-11-05 16:07:44.354,1,False
2016-11-05 16:08:56.340,1,False
2016-11-05 16:14:19.418,1,False
2016-11-05 16:15:52.196,1,False
2016-11-05 16:23:11.668,1,False
2016-11-05 16:27:09.632,1,False
2016-11-05 16:34:35.740,1,False
2016-11-05 16:34:42.400,1,False
2016-11-05 16:36:52.528,1,False
2016-11-05 16:37:30.522,1,False
2016-11-05 16:46:44.186,1,False
2016-11-05 16:49:36.646,1,False
2016-11-05 16:50:47.762,1,False
2016-11-05 16:52:33.158,1,False
2016-11-05 16:56:47.202,1,False
2016-11-05 17:05:17.948,1,False
2016-11-05 17:10:13.804,1,False
2016-11-05 17:15:31.784,1,False
2016-11-05 17:16:16.124,1,False
2016-11-05 17:18:58.936,1,False
2016-11-05 17:20:02.128,1,False
2016-11-05 17:21:52.370,1,False
2016-11-05 17:28:03.872,1,False
2016-11-05 17:28:28.164,1,False
2016-11-05 17:32:57.620,1,False
2016-11-05 17:37:15.148,1,False
2016-11-05 17:43:00.404,1,False
2016-11-05 17:44:58.600,1,False
2016-11-05 17:46:50.278,1,False
2016-11-05 17:49:48.858,1,False
2016-11-05 17:53:30.788,1,False
2016-11-05 18:00:27.082,1,False
2016-11-05 18:15:21.136,1,False
2016-11-05 18:17:32.402,1,False
2016-11-05 18:19:03.776,1,False
2016-11-05 18:22:31.928,1,False
2016-11-05 18:22:37.282,1,False
2016-11-05 18:27:29.970,1,False
2016-11-05 18:35:41.054,1,False
2016-11-05 18:36:38.526,1,False
2016-11-05 18:38:27.882,1,False
2016-11-05 18:41:44.642,1,False
2016-11-05 18:43:20.266,1,False
2016-11-05 18:43:31.188,1,False
2016-11-05 18:46:23.114,1,False
2016-11-05 18:51:23.688,1,False
2016-11-05 18:52:08.542,1,False
2016-11-05 19:05:56.058,1,False
2016-11-05 19:14:47.528,1,False
2016-11-05 19:17:52.750,1,False
2016-11-05 19:18:21.654,1,False
2016-11-05 19:32:21.814,1,False
2016-11-05 19:33:38.572,1,False
2016-11-05 19:40:34.602,1,False
2016-11-05 19:42:07.724,1,False
2016-11-05 19:44:58.134,1,False
2016-11-05 19:50:27.878,1,False
2016-11-05 19:52:37.900,1,False
2016-11-05 19:53:57.576,1,False
2016-11-05 20:00:19.398,1,False
2016-11-05 20:02:29.512,1,False
2016-11-05 20:02:39.070,1,False
2016-11-05 20:05:03.030,21,False
2016-11-05 20:05:42.894,1,False
2016-11-05 20:06:00.100,1,False
2016-11-05 20:09:05.502,1,False
2016-11-05 20:09:25.504,1,False
2016-11-05 20:11:58.774,1,False
2016-11-05 20:16:56.776,1,False
2016-11-05 20:17:58.530,1,False
2016-11-05 20:18:21.436,1,False
2016-11-05 20:22:23.138,1,False
2016-11-05 20:22:43.404,1,False
2016-11-05 20:22:52.134,1,False
2016-11-05 20:28:16.974,1,False
2016-11-05 20:28:51.084,1,False
2016-11-05 20:30:26.048,1,False
2016-11-05 20:31:05.064,21,False
2016-11-05 20:31:06.064,21,False
2016-11-05 20:33:12.780,1,False
2016-11-05 20:35:13.234,1,False
2016-11-05 20:36:53.106,1,False
2016-11-05 20:37:34.620,1,False
2016-11-05 20:38:16.640,1,False
2016-11-05 20:38:19.122,21,False
2016-11-05 20:41:21.764,1,False
2016-11-05 20:44:14.768,1,False
2016-11-05 20:44:22.132,1,False
2016-11-05 20:48:50.900,1,False
2016-11-05 20:50:59.762,1,False
2016-11-05 20:53:55.106,1,False
2016-11-05 20:55:05.728,1,False
2016-11-05 20:56:33.756,1,False
2016-11-05 20:58:01.588,1,False
2016-11-05 20:59:01.602,1,False
2016-11-05 21:00:15.752,1,False
2016-11-05 21:06:59.152,3,False
2016-11-05 21:08:28.566,1,False
2016-11-05 21:12:54.408,1,False
2016-11-05 21:32:46.470,1,False
2016-11-05 21:36:41.128,1,False
2016-11-05 21:40:31.136,1,False
2016-11-05 21:43:30.574,1,False
2016-11-05 21:55:11.298,1,False
2016-11-05 22:01:17.756,1,False
2016-11-05 22:04:17.368,1,False
2016-11-05 22:13:08.396,1,False
2016-11-05 22:13:17.338,1,False
2016-11-05 22:15:34.434,1,False
2016-11-05 22:15:49.072,1,False
2016-11-05 22:19:54.268,21,False
2016-11-05 22:19:56.680,1,False
2016-11-05 22:25:46.346,1,False
2016-11-05 22:31:32.914,1,False
2016-11-05 22:36:54.080,1,False
2016-11-05 22:41:46.702,1,False
2016-11-05 22:51:11.970,1,False
2016-11-05 22:51:18.786,1,False
2016-11-05 22:55:36.334,1,False
2016-11-05 23:02:09.416,1,False
2016-11-05 23:06:17.190,1,False
2016-11-05 23:14:01.430,1,False
2016-11-05 23:24:28.758,1,False
2016-11-05 23:27:11.460,21,False
2016-11-05 23:27:29.256,1,False
2016-11-05 23:35:27.564,1,False
2016-11-05 23:35:31.254,1,False
2016-11-05 23:36:39.250,1,False
2016-11-05 23:49:21.306,1,False
2016-11-05 23:53:08.460,1,False
2016-11-05 23:53:18.460,21,False
2016-11-06 00:00:25.774,1,False
2016-11-06 00:03:34.346,1,False
2016-11-06 00:15:17.792,1,False
2016-11-06 00:15:27.652,1,False
2016-11-06 00:22:26.892,1,False
2016-11-06 00:23:12.694,1,False
2016-11-06 00:37:27.782,1,False
2016-11-06 00:42:52.230,1,False
2016-11-06 00:45:03.822,1,False
2016-11-06 00:45:07.910,21,False
2016-11-06 00:50:38.828,1,False
2016-11-06 00:52:16.338,1,False
2016-11-06 00:55:58.782,1,False
2016-11-06 00:57:37.198,21,False
2016-11-06 01:01:35.198,1,False
2016-11-06 01:02:59.316,1,False
2016-11-06 01:09:10.414,1,False
2016-11-06 01:11:19.206,1,False
2016-11-06 01:13:56.610,1,False
2016-11-06 01:17:21.674,1,False
2016-11-06 01:22:17.538,1,False
2016-11-06 01:22:57.630,1,False
2016-11-06 01:30:21.872,1,False
2016-11-06 01:38:57.332,21,False
2016-11-06 01:39:09.048,1,False
2016-11-06 01:44:04.880,1,False
2016-11-06 01:52:19.616,1,False
2016-11-06 01:57:58.332,1,False
2016-11-06 02:08:17.114,1,False
2016-11-06 02:10:28.890,1,False
2016-11-06 02:11:58.302,1,False
2016-11-06 02:32:44.612,1,False
2016-11-06 02:32:55.338,1,False
2016-11-06 02:33:27.880,1,False
2016-11-06 02:34:00.242,1,False
2016-11-06 02:50:43.444,1,False
2016-11-06 03:03:26.354,1,False
2016-11-06 03:18:20.212,1,False
2016-11-06 03:27:55.980,1,False
2016-11-06 03:30:01.744,1,False
2016-11-06 03:31:15.730,1,False
2016-11-06 03:44:39.372,1,False
2016-11-06 03:53:58.796,1,False
2016-11-06 03:57:03.504,1,False
2016-11-06 04:01:35.842,1,False
2016-11-06 04:01:39.414,1,False
2016-11-06 04:11:46.476,1,False
2016-11-06 04:35:15.406,1,False
2016-11-06 04:40:08.868,1,False
2016-11-06 04:46:10.986,1,False
2016-11-06 04:59:43.034,1,False
2016-11-06 05:01:29.070,1,False
2016-11-06 05:06:33.646,1,False
2016-11-06 05:13:52.672,21,False
2016-11-06 05:14:41.618,1,False
2016-11-06 05:27:00.156,1,False
2016-11-06 05:28:44.808,1,False
2016-11-06 05:28:48.442,1,False
2016-11-06 05:33:44.988,1,False
2016-11-06 05:43:10.760,1,False
2016-11-06 05:44:25.388,1,False
2016-11-06 05:48:19.004,1,False
2016-11-06 05:48:24.040,1,False
2016-11-06 05:53:14.160,21,False
2016-11-06 05:53:46.932,1,False
2016-11-06 05:55:16.854,1,False
2016-11-06 05:59:08.360,1,False
2016-11-06 06:07:50.632,1,False
2016-11-06 06:09:06.850,1,False
2016-11-06 06:13:13.764,1,False
2016-11-06 06:13:19.424,1,False
2016-11-06 06:14:34.382,1,False
2016-11-06 06:17:00.510,1,False
2016-11-06 06:20:42.614,1,False
2016-11-06 06:27:52.504,1,False
2016-11-06 06:28:00.210,1,False
2016-11-06 06:33:26.496,21,False
2016-11-06 06:33:28.832,21,False
2016-11-06 06:35:01.026,1,False
2016-11-06 06:35:33.554,1,False
2016-11-06 06:40:08.646,1,False
2016-11-06 06:44:22.480,1,False
2016-11-06 06:47:04.246,1,False
2016-11-06 06:47:47.766,1,False
2016-11-06 06:49:52.126,1,False
2016-11-06 06:51:08.854,1,False
2016-11-06 06:52:47.562,1,False
2016-11-06 06:56:41.660,1,False
2016-11-06 07:07:08.682,1,False
2016-11-06 07:16:49.492,1,False
2016-11-06 07:27:44.518,1,False
2016-11-06 07:28:36.794,1,False
2016-11-06 07:42:10.064,1,False
2016-11-06 07:43:30.808,1,False
2016-11-06 07:46:38.434,1,False
2016-11-06 08:00:45.432,1,False
2016-11-06 08:03:44.900,1,False
2016-11-06 08:18:20.120,1,False
2016-11-06 09:10:06.850,1,False
2016-11-06 09:15:06.952,1,False
2016-11-06 09:19:35.076,1,False
2016-11-06 09:35:44.120,1,False
2016-11-06 09:42:07.102,1,False
2016-11-06 09:57:33.328,1,False
2016-11-06 10:08:06.490,1,False
2016-11-06 10:25:49.512,21,False
2016-11-06 10:27:30.040,1,False
2016-11-06 10:28:32.538,1,False
2016-11-06 10:28:54.898,21,False
2016-11-06 10:32:07.134,1,False
2016-11-06 10:32:16.080,1,False
2016-11-06 10:46:44.234,3,False
2016-11-06 10:47:15.198,1,False
2016-11-06 10:50:32.170,1,False
2016-11-06 10:51:09.708,21,False
2016-11-06 11:04:31.558,1,False
2016-11-06 11:05:30.446,1,False
2016-11-06 11:28:24.934,21,False
2016-11-06 11:48:45.456,1,False
2016-11-06 12:01:19.888,21,False
2016-11-06 12:10:18.926,1,False
2016-11-06 12:35:00.762,21,False
2016-11-06 12:41:01.538,1,False
2016-11-06 12:42:04.446,1,False
2016-11-06 12:48:52.288,1,False
2016-11-06 13:00:44.936,1,False
2016-11-06 13:01:01.118,1,False
2016-11-06 13:02:16.144,21,False
2016-11-06 13:02:23.240,1,False
2016-11-06 13:04:47.980,21,False
2016-11-06 13:04:56.874,21,False
2016-11-06 13:31:41.948,1,False
2016-11-06 13:32:01.336,1,False
2016-11-06 13:37:38.522,1,False
2016-11-06 13:46:19.424,1,False
2016-11-06 14:02:22.584,1,False
2016-11-06 14:02:25.628,21,False
2016-11-06 14:20:10.350,1,False
2016-11-06 14:26:32.714,1,False
2016-11-06 14:48:37.350,21,False
2016-11-06 14:48:40.218,1,False
2016-11-06 14:49:31.028,1,False
2016-11-06 15:04:54.096,1,False
2016-11-06 15:07:15.846,1,False
2016-11-06 15:21:25.302,1,False
2016-11-06 15:24:23.678,1,False
2016-11-06 15:41:01.150,1,False
2016-11-06 15:49:57.068,1,False
2016-11-06 15:50:02.302,1,False
2016-11-06 15:53:48.124,21,False
2016-11-06 15:57:49.582,21,False
2016-11-06 16:04:07.492,21,False
2016-11-06 16:20:36.058,1,False
2016-11-06 16:29:06.840,1,False
2016-11-06 16:30:08.938,21,False
2016-11-06 16:38:46.482,1,False
2016-11-06 16:50:49.626,1,False
2016-11-06 16:54:12.534,1,False
2016-11-06 17:00:38.846,1,False
2016-11-06 17:00:43.734,1,False
2016-11-06 17:01:24.522,21,False
2016-11-06 17:01:26.022,21,False
2016-11-06 17:16:31.372,1,False
2016-11-06 17:16:51.920,1,False
2016-11-06 17:21:13.330,1,False
2016-11-06 17:37:33.082,1,False
2016-11-06 17:37:43.014,1,False
2016-11-06 17:53:25.018,1,False
2016-11-06 18:04:24.578,1,False
2016-11-06 18:04:32.316,1,False
2016-11-06 18:09:45.310,1,False
2016-11-06 18:38:33.480,1,False
2016-11-06 19:08:03.982,1,False
2016-11-06 19:09:26.578,1,False
2016-11-06 19:09:46.080,1,False
2016-11-06 19:42:30.972,1,False
2016-11-06 19:59:24.808,1,False
2016-11-06 19:59:45.248,1,False
2016-11-06 20:20:08.208,1,False
2016-11-06 20:22:55.280,1,False
2016-11-06 20:26:19.586,1,False
2016-11-06 20:45:05.210,1,False
2016-11-06 20:49:41.724,21,False
2016-11-06 21:08:53.618,1,False
2016-11-06 21:09:02.612,1,False
2016-11-06 21:13:41.426,1,False
2016-11-06 21:17:50.712,21,False
2016-11-06 21:18:48.882,1,False
2016-11-06 21:18:52.148,1,False
2016-11-06 21:19:15.700,1,False
2016-11-06 21:38:24.258,1,False
2016-11-06 21:38:39.070,1,False
2016-11-06 21:39:32.744,1,False
2016-11-06 21:39:36.926,21,False
2016-11-06 21:39:57.652,1,False
2016-11-06 21:41:56.170,1,False
2016-11-06 22:03:38.438,1,False
2016-11-06 22:03:42.408,21,False
2016-11-06 22:12:54.444,1,False
2016-11-06 22:13:29.312,1,False
2016-11-06 22:14:05.798,3,False
2016-11-06 22:29:24.740,1,False
2016-11-06 22:46:44.148,1,False
2016-11-06 22:59:39.682,1,False
2016-11-06 23:33:31.630,1,False
2016-11-06 23:59:29.826,1,False
2016-11-07 00:08:39.052,1,False
2016-11-07 00:09:03.906,1,False
2016-11-07 00:28:23.326,1,False
2016-11-07 00:29:25.326,1,False
2016-11-07 01:10:09.356,1,False
2016-11-07 01:47:00.458,1,False
2016-11-07 02:29:04.520,1,False
2016-11-07 02:42:34.926,21,False
2016-11-07 02:44:47.416,21,False
2016-11-07 02:49:31.372,1,False
2016-11-07 03:21:09.936,1,False
2016-11-07 03:21:45.016,1,False
2016-11-07 03:26:26.520,1,False
2016-11-07 03:28:37.492,1,False
2016-11-07 03:35:46.918,1,False
2016-11-07 03:36:04.892,1,False
2016-11-07 04:37:50.578,1,False
2016-11-07 04:38:02.190,21,False
2016-11-07 04:38:04.840,1,False
2016-11-07 04:54:21.706,21,False
2016-11-07 04:54:55.294,1,False
2016-11-07 04:55:56.142,1,False
2016-11-07 05:01:53.056,21,False
2016-11-07 05:02:22.502,21,False
2016-11-07 05:13:13.102,1,False
2016-11-07 05:26:08.808,1,False
2016-11-07 05:26:11.776,21,False
2016-11-07 05:27:31.982,3,False
2016-11-07 05:27:49.568,21,False
2016-11-07 05:27:52.568,21,False
2016-11-07 05:46:49.334,21,False
2016-11-07 06:07:53.974,1,False
2016-11-07 06:09:30.240,21,False
2016-11-07 06:21:11.714,21,False
2016-11-07 06:22:37.414,21,False
2016-11-07 06:24:33.476,1,False
2016-11-07 06:49:34.152,21,False
2016-11-07 07:00:36.514,1,False
2016-11-07 07:15:13.256,1,False
2016-11-07 07:15:22.160,1,False
2016-11-07 07:15:44.030,1,False
2016-11-07 07:25:14.846,1,False
2016-11-07 08:27:33.508,1,False
2016-11-07 08:29:23.712,1,False
2016-11-07 09:18:08.394,1,False
2016-11-07 09:44:10.106,1,False
2016-11-07 09:50:15.218,1,False
2016-11-07 10:04:40.046,21,False
2016-11-07 10:28:36.934,1,False
2016-11-07 10:45:22.068,1,False
2016-11-07 10:48:46.502,1,False
2016-11-07 11:05:52.718,1,False
2016-11-07 11:14:18.996,21,False
2016-11-07 11:26:28.496,1,False
2016-11-07 11:50:41.142,1,False
2016-11-07 11:56:57.868,1,False
2016-11-07 12:49:59.330,1,False
2016-11-07 13:45:08.084,1,False
2016-11-07 14:07:24.784,1,False
2016-11-07 14:19:11.174,21,False
2016-11-07 14:20:26.692,22,False
2016-11-07 14:21:38.376,1,False
2016-11-07 14:22:27.034,1,False
2016-11-07 14:29:47.954,21,False
2016-11-07 14:31:08.076,1,False
2016-11-07 14:43:28.850,21,False
2016-11-07 14:56:33.594,21,False
2016-11-07 15:08:10.492,1,False
2016-11-07 15:12:40.510,1,False
2016-11-07 15:12:54.712,21,False
2016-11-07 15:14:27.954,1,False
2016-11-07 15:35:56.878,1,False
2016-11-07 15:50:39.342,1,False
2016-11-07 15:51:46.262,1,False
2016-11-07 15:54:05.776,1,False
2016-11-07 16:09:10.884,1,False
2016-11-07 17:01:11.804,1,False
2016-11-07 17:13:08.696,1,False
2016-11-07 17:58:27.696,1,False
2016-11-07 17:58:41.348,21,False
2016-11-07 18:22:41.336,21,False
2016-11-07 18:28:49.336,21,False
2016-11-07 18:29:01.132,21,False
2016-11-07 18:31:51.214,21,False
2016-11-07 18:38:23.830,1,False
2016-11-07 19:02:11.548,1,False
2016-11-07 19:56:45.580,1,False
2016-11-07 19:57:41.956,1,False
2016-11-07 19:58:02.096,1,False
2016-11-07 20:59:09.948,1,False
2016-11-07 21:31:54.540,1,False
2016-11-07 21:55:40.436,21,False
2016-11-07 21:57:27.508,1,False
2016-11-07 22:03:32.402,21,False
2016-11-07 22:12:28.238,21,False
2016-11-07 22:20:57.436,21,False
2016-11-07 22:22:58.504,21,False
2016-11-07 22:45:38.814,21,False
2016-11-07 23:14:35.306,1,False
2016-11-07 23:17:46.282,1,False
2016-11-07 23:56:25.726,1,False
2016-11-07 23:58:02.952,1,False
2016-11-08 00:13:32.072,1,False
2016-11-08 00:21:55.902,1,False
2016-11-08 00:32:25.574,1,False
2016-11-08 01:10:56.646,1,False
2016-11-08 01:11:29.614,1,False
2016-11-08 01:14:21.874,21,False
2016-11-08 01:25:36.248,21,False
2016-11-08 01:28:06.134,21,False
2016-11-08 01:29:08.280,21,False
2016-11-08 02:01:38.222,1,False
2016-11-08 02:31:35.222,1,False
2016-11-08 02:59:11.078,21,False
2016-11-08 03:00:30.994,1,False
2016-11-08 03:05:31.890,1,False
2016-11-08 03:41:04.630,1,False
2016-11-08 03:46:42.910,1,False
2016-11-08 04:24:36.036,1,False
2016-11-08 05:30:23.106,1,False
2016-11-08 05:40:56.628,1,False
2016-11-08 05:44:36.266,1,False
2016-11-08 06:14:12.392,21,False
2016-11-08 06:22:54.196,21,False
2016-11-08 06:26:42.920,1,False
2016-11-08 06:27:43.860,21,False
2016-11-08 06:59:05.150,1,False
2016-11-08 07:09:01.094,1,False
2016-11-08 08:53:56.894,1,False
2016-11-08 09:57:26.762,21,False
2016-11-08 10:24:25.120,21,False
2016-11-08 11:41:06.814,1,False
2016-11-08 11:43:32.926,21,False
2016-11-08 11:59:57.758,21,False
2016-11-08 12:12:30.220,21,False
2016-11-08 12:48:45.562,1,False
2016-11-08 13:16:57.308,1,False
2016-11-08 14:47:13.686,1,False
2016-11-08 15:47:18.330,1,False
2016-11-08 16:33:39.330,21,False
2016-11-08 17:04:03.024,1,False
2016-11-08 17:26:57.278,1,False
2016-11-08 17:51:54.030,1,False
2016-11-08 18:37:38.942,21,False
2016-11-08 19:21:30.554,21,False
2016-11-08 19:39:36.538,21,False
2016-11-08 19:57:04.820,1,False
2016-11-08 19:58:11.880,1,False
2016-11-08 20:41:17.006,21,False
2016-11-08 20:44:19.108,21,False
2016-11-08 21:33:27.180,1,False
2016-11-08 22:53:33.742,21,False
2016-11-08 23:11:23.836,1,False
2016-11-09 00:11:41.490,21,False
2016-11-09 00:42:26.600,21,False
2016-11-09 01:17:57.302,1,False
2016-11-09 01:45:24.302,1,False
2016-11-09 02:22:01.302,1,False
2016-11-09 02:24:21.408,1,False
2016-11-09 03:39:40.896,21,False
2016-11-09 04:30:10.048,1,False
2016-11-09 06:14:51.200,1,False
2016-11-09 08:09:01.342,1,False
2016-11-09 09:36:56.342,1,False
2016-11-09 12:06:54.168,1,False
2016-11-09 13:33:44.648,1,False
2016-11-09 14:18:10.208,1,False
2016-11-09 15:00:16.342,1,False
2016-11-09 15:38:38.526,1,False
2016-11-09 15:40:02.566,1,False
2016-11-09 16:06:15.778,1,False
2016-11-09 16:07:45.608,21,False
2016-11-09 16:26:29.342,1,False
2016-11-09 16:40:47.092,21,False
2016-11-09 16:51:27.468,1,False
2016-11-09 16:53:40.696,1,False
2016-11-09 17:32:41.536,1,False
2016-11-09 17:36:28.384,1,False
2016-11-09 18:14:52.360,22,False
2016-11-09 18:24:38.328,1,False
2016-11-09 19:01:38.248,1,False
2016-11-09 20:19:00.472,1,False
2016-11-09 20:21:01.344,1,False
2016-11-09 22:54:53.974,1,False
2016-11-09 23:22:35.016,1,False
2016-11-09 23:42:48.002,1,False
2016-11-10 00:03:30.500,1,False
2016-11-10 00:11:44.650,1,False
2016-11-10 00:33:03.922,1,False
2016-11-10 00:45:00.622,21,False
2016-11-10 01:03:36.442,1,False
2016-11-10 01:05:24.970,21,False
2016-11-10 01:29:29.784,1,False
2016-11-10 01:31:20.956,1,False
2016-11-10 01:40:55.220,1,False
2016-11-10 01:41:03.956,1,False
2016-11-10 02:13:35.390,1,False
2016-11-10 02:23:14.828,1,False
2016-11-10 02:37:58.874,1,False
2016-11-10 02:54:55.042,1,False
2016-11-10 03:05:56.038,1,False
2016-11-10 03:06:30.664,1,False
2016-11-10 04:13:10.502,1,False
2016-11-10 04:31:14.292,1,False
2016-11-10 04:52:20.608,1,False
2016-11-10 05:34:26.016,1,False
2016-11-10 05:59:24.914,1,False
2016-11-10 06:26:38.402,21,False
2016-11-10 06:26:51.290,1,False
2016-11-10 06:46:01.622,1,False
2016-11-10 06:47:15.784,1,False
2016-11-10 07:06:29.620,1,False
2016-11-10 07:39:59.338,1,False
2016-11-10 08:34:50.456,1,False
2016-11-10 08:44:01.986,1,False
2016-11-10 08:47:02.466,1,False
2016-11-10 09:55:30.546,1,False
2016-11-10 10:03:47.520,21,False
2016-11-10 10:05:05.106,1,False
2016-11-10 10:08:57.552,1,False
2016-11-10 10:20:29.322,1,False
2016-11-10 10:39:07.324,1,False
2016-11-10 10:48:07.544,1,False
2016-11-10 11:53:06.468,22,False
2016-11-10 12:04:46.826,1,False
2016-11-10 12:38:49.500,1,False
2016-11-10 13:12:37.566,1,False
2016-11-10 14:28:53.556,1,False
2016-11-10 15:01:39.622,1,False
2016-11-10 15:45:35.822,21,False
2016-11-10 15:58:35.604,1,False
2016-11-10 16:05:42.306,21,False
2016-11-10 16:09:15.662,1,False
2016-11-10 16:11:22.164,1,False
2016-11-10 16:30:42.028,22,False
2016-11-10 16:32:25.626,1,False
2016-11-10 16:39:19.606,1,False
2016-11-10 16:49:36.248,21,False
2016-11-10 16:52:19.332,21,False
2016-11-10 17:30:25.318,22,False
2016-11-10 17:38:36.016,1,False
2016-11-10 18:10:56.598,1,False
2016-11-10 18:35:00.598,1,False
2016-11-10 18:53:15.378,1,False
2016-11-10 19:06:36.246,21,False
2016-11-10 19:08:40.900,1,False
2016-11-10 19:08:55.850,1,False
2016-11-10 19:31:44.846,21,False
2016-11-10 19:34:21.676,1,False
2016-11-10 19:38:44.800,1,False
2016-11-10 20:01:33.214,1,False
2016-11-10 20:48:25.274,1,False
2016-11-10 20:50:05.520,22,False
2016-11-10 21:00:55.832,1,False
2016-11-10 21:43:26.402,1,False
2016-11-10 21:54:06.050,1,False
2016-11-10 22:16:40.642,1,False
2016-11-10 22:17:21.572,1,False
2016-11-10 22:26:07.128,1,False
2016-11-10 22:59:55.744,1,False
2016-11-10 23:04:34.156,1,False
2016-11-10 23:44:33.724,1,False
2016-11-11 00:26:12.538,22,False
2016-11-11 00:40:04.328,1,False
2016-11-11 00:42:20.392,1,False
2016-11-11 01:04:04.888,1,False
2016-11-11 01:23:20.600,3,False
2016-11-11 01:30:07.948,22,False
2016-11-11 01:37:04.474,1,False
2016-11-11 01:41:08.126,1,False
2016-11-11 02:33:46.792,1,False
2016-11-11 03:16:33.640,1,False
2016-11-11 05:53:22.060,21,False
2016-11-11 06:24:10.848,1,False
2016-11-11 06:25:45.476,1,False
2016-11-11 07:30:58.204,21,False
2016-11-11 07:51:10.124,1,False
2016-11-11 08:09:40.580,1,False
2016-11-11 08:14:50.956,1,False
2016-11-11 08:18:15.752,21,False
2016-11-11 08:29:45.886,1,False
2016-11-11 08:42:08.192,1,False
2016-11-11 08:42:19.842,1,False
2016-11-11 08:53:23.842,1,False
2016-11-11 09:10:24.964,1,False
2016-11-11 09:16:04.606,1,False
2016-11-11 10:08:50.248,1,False
2016-11-11 10:27:04.052,1,False
2016-11-11 10:28:05.468,1,False
2016-11-11 11:24:10.368,1,False
2016-11-11 12:15:26.720,1,False
2016-11-11 12:45:37.662,1,False
2016-11-11 13:55:10.220,1,False
2016-11-11 14:01:08.152,1,False
2016-11-11 14:04:36.082,1,False
2016-11-11 14:09:22.140,1,False
2016-11-11 14:13:52.336,1,False
2016-11-11 14:23:21.080,1,False
2016-11-11 14:24:14.054,1,False
2016-11-11 14:56:45.690,1,False
2016-11-11 15:06:59.452,1,False
2016-11-11 15:35:45.170,1,False
2016-11-11 16:09:53.544,1,False
2016-11-11 16:15:10.858,1,False
2016-11-11 16:28:37.354,1,False
2016-11-11 16:35:29.980,1,False
2016-11-11 16:36:44.836,1,False
2016-11-11 16:53:32.894,1,False
2016-11-11 16:59:10.788,1,False
2016-11-11 17:37:54.108,1,False
2016-11-11 17:44:48.964,1,False
2016-11-11 17:51:14.564,21,False
2016-11-11 18:39:37.988,1,False
2016-11-11 18:48:25.362,21,False
2016-11-11 18:52:54.826,1,False
2016-11-11 19:06:25.004,1,False
2016-11-11 19:10:06.418,1,False
2016-11-11 19:18:40.144,1,False
2016-11-11 19:22:15.470,1,False
2016-11-11 19:33:08.372,1,False
2016-11-11 20:43:41.978,1,False
2016-11-11 20:51:46.284,1,False
2016-11-11 21:05:27.866,1,False
2016-11-11 21:15:52.948,21,False
2016-11-11 21:37:20.416,3,False
2016-11-11 22:09:16.800,21,False
2016-11-11 22:12:26.738,21,False
2016-11-11 22:12:35.926,21,False
2016-11-11 22:19:03.450,1,False
2016-11-11 22:28:41.190,1,False
2016-11-11 22:28:49.504,1,False
2016-11-11 23:04:23.576,1,False
2016-11-11 23:08:03.466,1,False
2016-11-11 23:22:30.794,1,False
2016-11-11 23:48:33.294,1,False
2016-11-11 23:57:45.086,1,False
2016-11-11 23:59:55.500,1,False
