,datetime,source,MW
0,2016-10-27 11:46:15,Both,-0.2
1,2016-10-27 12:26:17,Both,-0.12
2,2016-10-27 12:46:24,Both,-0.14
3,2016-10-27 13:30:12,Both,0.0
4,2016-10-27 14:56:46,Both,0.06
5,2016-10-27 15:44:13,Both,-0.15
6,2016-10-27 16:08:46,Both,-0.27
7,2016-10-27 17:20:51,Both,0.15
8,2016-10-27 18:22:13,Both,-0.19
9,2016-10-27 18:39:20,Both,0.13
10,2016-10-27 19:06:03,Both,-0.21
11,2016-10-27 19:15:45,Both,0.2
12,2016-10-27 19:16:23,Both,-0.19
13,2016-10-27 19:42:57,Both,-0.05
14,2016-10-27 20:25:57,Both,0.19
15,2016-10-27 21:26:18,Both,0.29
16,2016-10-27 22:36:39,Both,0.17
17,2016-10-27 23:15:42,Both,-0.14
18,2016-10-27 23:36:49,Both,-0.09
19,2016-10-28 00:44:21,Both,-0.12
20,2016-10-28 01:19:14,Both,-0.33
21,2016-10-28 01:32:51,Both,-0.22
22,2016-10-28 01:42:33,Both,-0.02
23,2016-10-28 02:12:58,Both,-0.07
24,2016-10-28 03:10:45,Both,-0.07
25,2016-10-28 03:23:00,Both,0.01
26,2016-10-28 04:12:21,Both,0.05
27,2016-10-28 04:36:05,Both,-0.14
28,2016-10-28 05:17:16,Both,0.15
29,2016-10-28 06:45:41,Both,-0.05
30,2016-10-28 07:35:20,Both,-0.06
31,2016-10-28 08:26:14,Both,-0.18
32,2016-10-28 09:40:53,Both,-0.15
33,2016-10-28 10:07:23,Both,-0.39
34,2016-10-28 10:18:04,Both,-0.27
35,2016-10-28 10:49:29,Both,-0.13
36,2016-10-28 13:32:09,Both,-0.24
37,2016-10-28 13:35:58,Both,-0.24
38,2016-10-28 14:01:49,Both,-0.07
39,2016-10-28 14:12:52,Both,-0.09
40,2016-10-28 14:21:30,Both,-0.27
41,2016-10-28 15:40:56,Both,0.01
42,2016-10-28 17:02:35,Both,-0.14
43,2016-10-28 17:31:24,Both,-0.19
44,2016-10-28 17:44:58,Both,-0.1
45,2016-10-28 20:02:02,Both,-0.2
46,2016-10-28 20:04:45,Both,-0.32
47,2016-10-28 21:01:17,Both,0.04
48,2016-10-28 21:45:37,Both,-0.02
49,2016-10-29 00:08:25,Both,-0.18
50,2016-10-29 03:50:03,Both,-0.09
51,2016-10-29 04:20:19,Both,-0.07
52,2016-10-29 05:44:36,Both,0.02
53,2016-10-29 05:59:30,Both,0.04
54,2016-10-29 06:19:51,Both,0.05
55,2016-10-29 08:33:56,Both,0.3
56,2016-10-29 08:34:25,Both,-0.15
57,2016-10-29 09:30:46,Both,0.12
58,2016-10-29 09:45:46,Both,-0.05
59,2016-10-29 10:11:18,Both,0.25
60,2016-10-29 10:25:41,Both,0.0
61,2016-10-29 11:34:16,Both,-0.04
62,2016-10-29 12:44:10,Both,0.08
63,2016-10-29 13:37:22,Both,-0.1
64,2016-10-29 14:11:40,Both,-0.12
65,2016-10-29 15:28:15,Both,-0.03
66,2016-10-29 15:29:18,Both,0.08
67,2016-10-29 16:38:48,Both,-0.05
68,2016-10-29 17:02:02,Both,0.23
69,2016-10-29 17:21:12,Both,-0.26
70,2016-10-29 18:17:17,Both,0.01
71,2016-10-29 18:51:27,Both,-0.16
72,2016-10-29 19:41:42,Both,0.1
73,2016-10-29 20:08:14,Both,0.07
74,2016-10-29 20:43:18,Both,-0.09
75,2016-10-29 21:04:40,Both,-0.18
76,2016-10-29 21:48:34,Both,0.03
77,2016-10-29 22:06:11,Both,-0.3
78,2016-10-29 22:49:44,Both,0.04
79,2016-10-29 23:29:04,Both,0.26
80,2016-10-30 03:07:40,Both,0.13
81,2016-10-30 03:45:40,Both,-0.13
82,2016-10-30 04:08:04,Both,-0.15
83,2016-10-30 05:06:50,Both,0.06
84,2016-10-30 07:03:29,Both,-0.2
85,2016-10-30 07:12:07,Both,-0.15
86,2016-10-30 07:59:26,Both,-0.18
87,2016-10-30 08:40:32,Both,0.0
88,2016-10-30 09:40:51,Both,0.06
89,2016-10-30 11:25:47,Both,0.09
90,2016-10-30 13:20:52,Both,0.16
91,2016-10-30 14:48:43,Both,-0.11
92,2016-10-30 14:49:55,Both,0.06
93,2016-10-30 14:56:38,Both,-0.08
94,2016-10-30 15:23:53,Both,-0.25
95,2016-10-30 16:19:45,Both,-0.16
96,2016-10-30 16:21:46,Both,-0.4
97,2016-10-30 17:14:47,Both,-0.14
98,2016-10-30 18:36:18,Both,-0.14
99,2016-10-30 18:36:40,Both,-0.16
100,2016-10-30 20:10:01,Both,-0.14
101,2016-10-30 21:05:52,Both,-0.19
102,2016-10-30 21:06:01,Both,-0.17
103,2016-10-30 21:06:08,Both,-0.2
104,2016-10-30 22:19:01,Both,0.17
105,2016-10-31 01:27:36,Both,-0.16
106,2016-10-31 02:00:44,Both,-0.2
107,2016-10-31 02:29:30,Both,-0.06
108,2016-10-31 02:37:58,Both,-0.23
109,2016-10-31 02:54:34,Both,-0.15
110,2016-10-31 02:55:12,Both,-0.27
111,2016-10-31 03:29:39,Both,-0.13
112,2016-10-31 08:44:07,Both,-0.1
113,2016-10-31 16:24:14,Both,-0.16
114,2016-10-31 19:07:53,Both,-0.14
115,2016-10-31 19:31:39,Both,-0.14
116,2016-10-31 19:32:34,Both,0.22
117,2016-10-31 23:32:30,Both,0.17
118,2016-11-01 07:44:31,Both,-0.18
119,2016-11-01 09:05:25,Both,0.02
120,2016-11-01 09:15:25,Both,0.12
121,2016-11-01 09:24:29,Both,0.11
122,2016-11-01 09:36:44,Both,0.1
123,2016-11-01 09:42:45,Both,0.06
124,2016-11-01 09:43:25,Both,0.04
125,2016-11-01 09:45:23,Both,0.26
126,2016-11-01 10:01:28,Both,0.08
127,2016-11-01 10:07:14,Both,-0.04
128,2016-11-01 10:09:30,Both,0.02
129,2016-11-01 10:22:03,Both,0.1
130,2016-11-01 10:28:32,Both,0.23
131,2016-11-01 10:37:53,Both,-0.05
132,2016-11-01 10:48:04,Both,0.32
133,2016-11-01 10:57:17,Both,-0.02
134,2016-11-01 11:03:54,Both,0.23
135,2016-11-01 11:07:32,Both,0.14
136,2016-11-01 11:14:08,Both,0.07
137,2016-11-01 11:29:11,Both,0.03
138,2016-11-01 11:44:56,Both,0.31
139,2016-11-01 11:59:17,Both,0.06
140,2016-11-01 12:12:04,Both,-0.13
141,2016-11-01 12:14:51,Both,0.27
142,2016-11-01 12:16:38,Both,-0.01
143,2016-11-01 12:20:00,Both,-0.11
144,2016-11-01 12:24:32,Both,-0.09
145,2016-11-01 12:26:24,Both,-0.08
146,2016-11-01 12:30:53,Both,0.16
147,2016-11-01 12:32:16,Both,-0.01
148,2016-11-01 12:35:44,Both,-0.03
149,2016-11-01 12:36:25,Both,-0.17
150,2016-11-01 12:40:39,Both,-0.2
151,2016-11-01 12:48:01,Both,-0.05
152,2016-11-01 13:30:18,Both,-0.02
153,2016-11-01 13:31:19,Both,-0.04
154,2016-11-01 13:36:03,Both,0.06
155,2016-11-01 13:53:24,Both,-0.04
156,2016-11-01 13:56:06,Both,-0.04
157,2016-11-01 13:57:31,Both,0.02
158,2016-11-01 13:57:39,Both,-0.02
159,2016-11-01 13:58:13,Both,-0.14
160,2016-11-01 14:04:25,Both,0.39
161,2016-11-01 14:15:54,Both,0.05
162,2016-11-01 14:29:59,Both,0.06
163,2016-11-01 14:37:14,Both,0.31
164,2016-11-01 14:41:10,Both,0.12
165,2016-11-01 14:42:16,Both,0.19
166,2016-11-01 14:51:50,Both,0.0
167,2016-11-01 14:54:14,Both,0.33
168,2016-11-01 15:01:30,Both,0.23
169,2016-11-01 15:02:36,Both,-0.02
170,2016-11-01 15:08:15,Both,0.41
171,2016-11-01 15:15:53,Both,0.15
172,2016-11-01 15:18:06,Both,-0.24
173,2016-11-01 15:22:23,Both,0.19
174,2016-11-01 15:27:13,Both,0.37
175,2016-11-01 15:31:55,Both,-0.01
176,2016-11-01 15:33:00,Both,-0.02
177,2016-11-01 15:42:39,Both,0.33
178,2016-11-01 15:44:01,Both,-0.08
179,2016-11-01 15:45:15,Both,0.33
180,2016-11-01 15:52:47,Both,0.38
181,2016-11-01 16:32:40,Both,0.54
182,2016-11-01 17:10:04,Both,0.55
183,2016-11-01 17:31:32,Both,0.3
184,2016-11-01 17:33:12,Both,-0.23
185,2016-11-01 18:05:17,Both,0.6
186,2016-11-01 18:30:17,Both,0.48
187,2016-11-01 19:02:56,Both,0.28
188,2016-11-01 19:31:53,Both,0.44
189,2016-11-01 19:51:05,Both,-0.26
190,2016-11-01 20:42:54,Both,0.25
191,2016-11-01 20:52:20,Both,0.28
192,2016-11-01 22:20:36,Both,-0.24
193,2016-11-01 22:26:06,Both,-0.08
194,2016-11-01 22:29:28,Both,0.18
195,2016-11-01 22:29:38,Both,-0.22
196,2016-11-01 22:45:24,Both,-0.21
197,2016-11-01 23:32:35,Both,0.44
198,2016-11-02 00:13:06,Both,-0.01
199,2016-11-02 00:14:53,Both,-0.11
200,2016-11-02 00:31:27,Both,-0.34
201,2016-11-02 00:31:38,Both,-0.14
202,2016-11-02 00:46:31,Both,-0.06
203,2016-11-02 01:08:01,Both,-0.09
204,2016-11-02 01:18:42,Both,0.01
205,2016-11-02 01:29:05,Both,-0.2
206,2016-11-02 01:35:45,Both,-0.29
207,2016-11-02 01:36:26,Both,-0.23
208,2016-11-02 01:42:49,Both,-0.15
209,2016-11-02 02:09:18,Both,-0.16
210,2016-11-02 02:50:10,Both,-0.08
211,2016-11-02 03:36:49,Both,0.04
212,2016-11-02 03:41:36,Both,-0.18
213,2016-11-02 03:42:22,Both,-0.09
214,2016-11-02 04:07:01,Both,-0.22
215,2016-11-02 04:07:41,Both,-0.17
216,2016-11-02 05:02:06,Both,-0.16
217,2016-11-02 07:14:56,Both,-0.02
218,2016-11-02 07:48:04,Both,-0.05
219,2016-11-02 08:21:26,Both,-0.11
220,2016-11-02 08:46:28,Both,0.07
221,2016-11-02 09:31:57,Both,0.1
222,2016-11-02 10:10:29,Both,-0.02
223,2016-11-02 10:15:19,Both,-0.08
224,2016-11-02 10:37:55,Both,0.02
225,2016-11-02 10:49:53,Both,-0.09
226,2016-11-02 11:14:26,Both,-0.1
227,2016-11-02 12:06:00,Both,0.07
228,2016-11-02 12:20:09,Both,-0.29
229,2016-11-02 12:22:41,Both,-0.06
230,2016-11-02 12:40:46,Both,0.09
231,2016-11-02 12:41:28,Both,-0.12
232,2016-11-02 14:21:15,Both,-0.33
233,2016-11-02 14:21:47,Both,-0.16
234,2016-11-02 14:22:04,Both,-0.06
235,2016-11-02 14:22:40,Both,-0.2
236,2016-11-02 14:24:55,Both,-0.15
237,2016-11-02 14:28:05,Both,-0.07
238,2016-11-02 15:42:10,Both,-0.15
239,2016-11-02 16:18:36,Both,0.01
240,2016-11-02 16:25:12,Both,-0.15
241,2016-11-02 16:25:31,Both,0.05
242,2016-11-02 16:44:45,Both,-0.17
243,2016-11-02 16:49:08,Both,-0.11
244,2016-11-02 17:46:07,Both,0.02
245,2016-11-02 17:46:53,Both,0.0
246,2016-11-02 18:57:59,Both,0.0
247,2016-11-02 19:18:35,Both,-0.15
248,2016-11-02 19:51:07,Both,0.07
249,2016-11-02 19:55:57,Both,-0.17
250,2016-11-02 21:51:42,Both,-0.15
251,2016-11-02 22:01:15,Both,0.02
252,2016-11-02 22:01:43,Both,0.06
253,2016-11-02 22:07:24,Both,-0.04
254,2016-11-02 22:08:08,Both,-0.23
255,2016-11-02 22:30:47,Both,-0.27
256,2016-11-02 22:48:17,Both,0.11
257,2016-11-02 22:53:56,Both,0.08
258,2016-11-03 00:25:49,Both,-0.03
259,2016-11-03 00:48:56,Both,-0.05
260,2016-11-03 00:50:26,Both,0.07
261,2016-11-03 00:51:28,Both,-0.25
262,2016-11-03 00:53:04,Both,-0.1
263,2016-11-03 00:54:09,Both,0.02
264,2016-11-03 00:55:46,Both,-0.01
265,2016-11-03 00:59:36,Both,-0.11
266,2016-11-03 01:08:29,Both,0.01
267,2016-11-03 01:10:44,Both,-0.14
268,2016-11-03 01:14:19,Both,-0.07
269,2016-11-03 01:18:19,Both,-0.28
270,2016-11-03 01:19:31,Both,-0.16
271,2016-11-03 01:24:29,Both,-0.14
272,2016-11-03 01:26:57,Both,-0.25
273,2016-11-03 01:29:20,Both,-0.3
274,2016-11-03 01:29:30,Both,-0.22
275,2016-11-03 01:31:17,Both,-0.24
276,2016-11-03 01:32:54,Both,-0.23
277,2016-11-03 01:33:12,Both,-0.07
278,2016-11-03 01:33:52,Both,-0.07
279,2016-11-03 01:38:21,Both,-0.28
280,2016-11-03 01:38:28,Both,-0.1
281,2016-11-03 01:39:13,Both,-0.15
282,2016-11-03 01:40:37,Both,-0.07
283,2016-11-03 01:41:44,Both,-0.29
284,2016-11-03 01:42:04,Both,-0.12
285,2016-11-03 01:42:49,Both,-0.29
286,2016-11-03 01:43:54,Both,-0.16
287,2016-11-03 01:46:19,Both,0.04
288,2016-11-03 01:46:54,Both,-0.23
289,2016-11-03 01:46:59,Both,-0.25
290,2016-11-03 01:47:47,Both,-0.15
291,2016-11-03 01:48:09,Both,-0.24
292,2016-11-03 01:48:40,Both,-0.23
293,2016-11-03 01:53:15,Both,-0.05
294,2016-11-03 01:53:32,Both,-0.18
295,2016-11-03 01:54:12,Both,-0.21
296,2016-11-03 01:56:36,Both,-0.28
297,2016-11-03 01:57:28,Both,-0.37
298,2016-11-03 01:59:08,Both,-0.35
299,2016-11-03 02:01:47,Both,0.25
300,2016-11-03 02:17:48,Both,0.38
301,2016-11-03 02:20:36,Both,0.06
302,2016-11-03 02:29:49,Both,0.09
303,2016-11-03 02:33:20,Both,-0.01
304,2016-11-03 02:40:30,Both,0.19
305,2016-11-03 02:44:57,Both,0.22
306,2016-11-03 02:57:44,Both,0.09
307,2016-11-03 03:08:04,Both,0.14
308,2016-11-03 03:13:34,Both,0.05
309,2016-11-03 03:14:26,Both,0.26
310,2016-11-03 03:29:37,Both,0.23
311,2016-11-03 03:52:09,Both,-0.1
312,2016-11-03 03:55:45,Both,0.49
313,2016-11-03 04:05:26,Both,0.22
314,2016-11-03 04:08:42,Both,0.04
315,2016-11-03 04:15:35,Both,0.01
316,2016-11-03 04:18:10,Both,0.08
317,2016-11-03 04:19:15,Both,0.07
318,2016-11-03 04:24:57,Both,-0.1
319,2016-11-03 04:27:32,Both,0.03
320,2016-11-03 04:28:18,Both,0.3
321,2016-11-03 04:31:12,Both,0.09
322,2016-11-03 04:37:56,Both,0.13
323,2016-11-03 04:41:34,Both,0.18
324,2016-11-03 04:48:47,Both,-0.05
325,2016-11-03 04:50:30,Both,0.15
326,2016-11-03 04:58:12,Both,-0.1
327,2016-11-03 04:59:48,Both,0.11
328,2016-11-03 05:02:11,Both,0.15
329,2016-11-03 05:11:39,Both,0.26
330,2016-11-03 05:16:00,Both,0.46
331,2016-11-03 05:31:02,Both,0.29
332,2016-11-03 05:47:17,Both,0.56
333,2016-11-03 05:50:23,Both,0.17
334,2016-11-03 05:59:45,Both,0.19
335,2016-11-03 06:19:03,Both,0.19
336,2016-11-03 06:22:52,Both,0.38
337,2016-11-03 06:29:07,Both,-0.05
338,2016-11-03 06:29:58,Both,0.07
339,2016-11-03 06:36:36,Both,0.19
340,2016-11-03 06:46:38,Both,0.07
341,2016-11-03 06:56:46,Both,0.1
342,2016-11-03 07:02:15,Both,0.21
343,2016-11-03 07:10:12,Both,0.03
344,2016-11-03 07:16:41,Both,0.29
345,2016-11-03 07:26:39,Both,0.29
346,2016-11-03 07:32:07,Both,0.18
347,2016-11-03 07:38:22,Both,-0.02
348,2016-11-03 07:43:49,Both,0.36
349,2016-11-03 07:55:42,Both,-0.01
350,2016-11-03 08:15:43,Both,0.23
351,2016-11-03 08:17:15,Both,0.12
352,2016-11-03 08:20:39,Both,0.25
353,2016-11-03 08:25:52,Both,0.36
354,2016-11-03 08:32:56,Both,0.41
355,2016-11-03 08:36:25,Both,0.34
356,2016-11-03 08:36:45,Both,0.19
357,2016-11-03 08:38:55,Both,0.26
358,2016-11-03 08:39:19,Both,0.51
359,2016-11-03 08:41:34,Both,0.59
360,2016-11-03 08:42:21,Both,0.15
361,2016-11-03 08:45:26,Both,0.61
362,2016-11-03 08:47:26,Both,0.42
363,2016-11-03 08:50:50,Both,0.32
364,2016-11-03 08:52:33,Both,0.31
365,2016-11-03 08:56:30,Both,0.38
366,2016-11-03 08:58:39,Both,0.54
367,2016-11-03 09:02:36,Both,0.79
368,2016-11-03 09:11:02,Both,0.3
369,2016-11-03 09:13:24,Both,0.71
370,2016-11-03 09:17:14,Both,0.47
371,2016-11-03 09:21:30,Both,0.29
372,2016-11-03 09:23:14,Both,0.77
373,2016-11-03 09:27:09,Both,0.33
374,2016-11-03 09:31:05,Both,0.56
375,2016-11-03 09:37:37,Both,0.68
376,2016-11-03 09:44:38,Both,-0.01
377,2016-11-03 09:45:41,Both,0.54
378,2016-11-03 09:49:51,Both,0.59
379,2016-11-03 09:54:17,Both,0.47
380,2016-11-03 09:59:06,Both,0.67
381,2016-11-03 10:05:37,Both,0.46
382,2016-11-03 10:08:59,Both,0.66
383,2016-11-03 10:14:57,Both,0.42
384,2016-11-03 10:18:47,Both,0.65
385,2016-11-03 10:22:11,Both,0.44
386,2016-11-03 10:33:24,Both,0.37
387,2016-11-03 10:39:25,Both,0.8
388,2016-11-03 10:56:07,Both,0.53
389,2016-11-03 10:57:51,Both,0.56
390,2016-11-03 11:05:56,Both,0.0
391,2016-11-03 11:09:16,Both,0.19
392,2016-11-03 11:11:56,Both,0.31
393,2016-11-03 11:15:08,Both,0.54
394,2016-11-03 11:21:40,Both,0.3
395,2016-11-03 11:31:34,Both,0.18
396,2016-11-03 11:34:26,Both,0.72
397,2016-11-03 11:35:47,Both,0.2
398,2016-11-03 11:40:46,Both,0.42
399,2016-11-03 11:50:55,Both,0.18
400,2016-11-03 11:52:08,Both,0.14
401,2016-11-03 11:59:21,Both,0.26
402,2016-11-03 12:04:14,Both,0.2
403,2016-11-03 12:10:52,Both,0.1
404,2016-11-03 12:11:01,Both,0.13
405,2016-11-03 12:14:37,Both,0.17
406,2016-11-03 12:17:51,Both,-0.01
407,2016-11-03 12:19:19,Both,0.48
408,2016-11-03 12:19:48,Both,0.13
409,2016-11-03 12:30:59,Both,0.18
410,2016-11-03 12:36:02,Both,0.29
411,2016-11-03 12:40:57,Both,0.13
412,2016-11-03 12:42:00,Both,0.13
413,2016-11-03 12:54:40,Both,-0.2
414,2016-11-03 12:59:23,Both,0.21
415,2016-11-03 13:02:45,Both,-0.01
416,2016-11-03 13:05:32,Both,0.12
417,2016-11-03 13:06:26,Both,-0.06
418,2016-11-03 13:09:25,Both,0.01
419,2016-11-03 13:10:48,Both,0.15
420,2016-11-03 13:15:02,Both,0.01
421,2016-11-03 13:16:27,Both,0.1
422,2016-11-03 13:17:06,Both,-0.07
423,2016-11-03 13:18:39,Both,0.08
424,2016-11-03 13:20:37,Both,-0.09
425,2016-11-03 13:22:53,Both,-0.03
426,2016-11-03 13:23:47,Both,-0.08
427,2016-11-03 13:24:57,Both,-0.12
428,2016-11-03 13:26:01,Both,0.02
429,2016-11-03 13:26:43,Both,0.14
430,2016-11-03 13:27:42,Both,-0.12
431,2016-11-03 13:30:48,Both,0.19
432,2016-11-03 13:31:11,Both,0.2
433,2016-11-03 13:31:34,Both,-0.06
434,2016-11-03 13:35:07,Both,0.15
435,2016-11-03 13:39:20,Both,0.16
436,2016-11-03 13:39:32,Both,-0.15
437,2016-11-03 13:44:12,Both,-0.04
438,2016-11-03 13:44:18,Both,0.03
439,2016-11-03 13:47:00,Both,-0.18
440,2016-11-03 13:48:24,Both,0.01
441,2016-11-03 13:54:11,Both,0.06
442,2016-11-03 13:56:41,Both,0.02
443,2016-11-03 14:00:31,Both,-0.12
444,2016-11-03 14:02:33,Both,-0.05
445,2016-11-03 14:02:56,Both,-0.02
446,2016-11-03 14:04:47,Both,-0.06
447,2016-11-03 14:06:46,Both,0.26
448,2016-11-03 14:08:05,Both,-0.06
449,2016-11-03 14:08:58,Both,0.06
450,2016-11-03 14:12:32,Both,-0.08
451,2016-11-03 14:16:02,Both,0.01
452,2016-11-03 14:16:56,Both,0.14
453,2016-11-03 14:21:54,Both,-0.08
454,2016-11-03 14:22:33,Both,0.06
455,2016-11-03 14:32:25,Both,-0.01
456,2016-11-03 14:32:30,Both,0.04
457,2016-11-03 14:32:45,Both,-0.15
458,2016-11-03 14:39:59,Both,0.05
459,2016-11-03 14:41:24,Both,-0.08
460,2016-11-03 14:45:33,Both,0.07
461,2016-11-03 14:49:12,Both,0.18
462,2016-11-03 14:53:26,Both,0.2
463,2016-11-03 14:58:43,Both,0.02
464,2016-11-03 15:14:37,Both,0.26
465,2016-11-03 15:51:50,Both,0.05
466,2016-11-03 15:59:19,Both,0.25
467,2016-11-03 16:01:00,Both,0.44
468,2016-11-03 16:11:19,Both,0.16
469,2016-11-03 16:24:06,Both,0.02
470,2016-11-03 16:25:08,Both,-0.04
471,2016-11-03 16:26:57,Both,-0.21
472,2016-11-03 17:34:53,Both,0.28
473,2016-11-03 17:39:46,Both,0.14
474,2016-11-03 18:09:57,Both,0.04
475,2016-11-03 18:10:25,Both,0.01
476,2016-11-03 21:38:50,Both,-0.03
477,2016-11-03 22:22:40,Both,0.04
478,2016-11-04 00:19:13,Both,-0.1
479,2016-11-04 01:32:50,Both,-0.17
480,2016-11-04 02:18:26,Both,-0.19
481,2016-11-04 02:28:10,Both,-0.06
482,2016-11-04 02:45:05,Both,-0.12
483,2016-11-04 02:56:05,Both,-0.21
484,2016-11-04 02:57:31,Both,-0.23
485,2016-11-04 03:47:33,Both,-0.12
486,2016-11-04 04:14:38,Both,-0.2
487,2016-11-04 04:17:05,Both,-0.28
488,2016-11-04 04:36:36,Both,-0.14
489,2016-11-04 05:18:44,Both,-0.09
490,2016-11-04 05:23:57,Both,-0.1
491,2016-11-04 05:47:19,Both,-0.08
492,2016-11-04 06:17:53,Both,-0.05
493,2016-11-04 06:48:25,Both,-0.01
494,2016-11-04 07:25:22,Both,0.02
495,2016-11-04 08:13:33,Both,-0.12
496,2016-11-04 08:35:52,Both,-0.22
497,2016-11-04 08:55:26,Both,-0.28
498,2016-11-04 08:57:56,Both,-0.18
499,2016-11-04 09:38:55,Both,0.0
500,2016-11-04 10:16:36,Both,0.1
501,2016-11-04 10:58:03,Both,-0.07
502,2016-11-04 11:36:42,Both,0.02
503,2016-11-04 11:59:23,Both,-0.04
504,2016-11-04 12:07:20,Both,-0.08
505,2016-11-04 13:10:18,Both,-0.07
506,2016-11-04 13:42:59,Both,-0.09
507,2016-11-04 13:49:22,Both,-0.06
508,2016-11-04 14:24:19,Both,-0.08
509,2016-11-04 14:28:10,Both,-0.09
510,2016-11-04 15:16:35,Both,-0.1
511,2016-11-04 16:57:02,Both,-0.07
512,2016-11-04 17:32:28,Both,-0.29
513,2016-11-04 17:53:11,Both,-0.25
514,2016-11-04 18:09:22,Both,-0.08
515,2016-11-04 18:30:13,Both,-0.09
516,2016-11-04 18:32:04,Both,-0.09
517,2016-11-04 18:37:53,Both,-0.11
518,2016-11-04 18:40:45,Both,-0.19
519,2016-11-04 19:07:14,Both,-0.17
520,2016-11-04 19:07:20,Both,-0.02
521,2016-11-04 19:38:40,Both,-0.14
522,2016-11-04 19:54:22,Both,0.05
523,2016-11-04 20:20:58,Both,0.09
524,2016-11-04 20:25:09,Both,0.27
525,2016-11-04 20:29:59,Both,-0.12
526,2016-11-04 20:39:23,Both,-0.13
527,2016-11-04 20:41:24,Both,0.21
528,2016-11-04 20:46:58,Both,0.17
529,2016-11-04 20:53:24,Both,0.14
530,2016-11-04 20:55:42,Both,-0.09
531,2016-11-04 20:57:07,Both,-0.06
532,2016-11-04 20:59:51,Both,0.04
533,2016-11-04 21:01:21,Both,-0.16
534,2016-11-04 21:02:45,Both,0.11
535,2016-11-04 21:05:13,Both,-0.03
536,2016-11-04 21:11:10,Both,0.06
537,2016-11-04 21:12:50,Both,-0.16
538,2016-11-04 21:17:53,Both,0.12
539,2016-11-04 21:20:14,Both,0.15
540,2016-11-04 21:31:10,Both,0.13
541,2016-11-04 21:37:53,Both,0.04
542,2016-11-04 21:44:09,Both,0.26
543,2016-11-04 21:44:30,Both,-0.02
544,2016-11-04 21:45:27,Both,-0.01
545,2016-11-04 21:48:03,Both,0.02
546,2016-11-04 22:02:13,Both,0.31
547,2016-11-04 22:07:48,Both,-0.07
548,2016-11-04 22:10:07,Both,-0.05
549,2016-11-04 22:21:55,Both,0.13
550,2016-11-04 22:31:19,Both,0.1
551,2016-11-04 22:43:23,Both,0.35
552,2016-11-04 22:44:10,Both,-0.06
553,2016-11-04 22:47:33,Both,0.17
554,2016-11-04 22:55:31,Both,-0.02
555,2016-11-04 22:59:32,Both,-0.03
556,2016-11-04 23:02:00,Both,0.13
557,2016-11-04 23:08:37,Both,-0.02
558,2016-11-04 23:10:12,Both,-0.08
559,2016-11-04 23:13:51,Both,-0.02
560,2016-11-04 23:23:52,Both,0.15
561,2016-11-04 23:26:27,Both,-0.12
562,2016-11-04 23:30:00,Both,-0.05
563,2016-11-04 23:51:51,Both,0.05
564,2016-11-04 23:53:47,Both,0.0
565,2016-11-05 00:11:23,Both,0.09
566,2016-11-05 00:23:21,Both,-0.02
567,2016-11-05 00:29:29,Both,-0.16
568,2016-11-05 00:31:18,Both,-0.06
569,2016-11-05 00:41:40,Both,0.16
570,2016-11-05 00:42:08,Both,-0.08
571,2016-11-05 00:58:40,Both,0.06
572,2016-11-05 00:58:46,Both,0.19
573,2016-11-05 01:11:20,Both,-0.04
574,2016-11-05 01:12:04,Both,-0.16
575,2016-11-05 01:12:22,Both,0.05
576,2016-11-05 01:25:55,Both,-0.03
577,2016-11-05 01:29:14,Both,-0.11
578,2016-11-05 01:31:49,Both,-0.05
579,2016-11-05 01:37:21,Both,0.01
580,2016-11-05 01:40:09,Both,0.16
581,2016-11-05 02:17:13,Both,0.04
582,2016-11-05 02:47:13,Both,0.27
583,2016-11-05 03:19:42,Both,-0.03
584,2016-11-05 03:22:52,Both,0.09
585,2016-11-05 03:40:08,Both,0.0
586,2016-11-05 03:40:35,Both,0.21
587,2016-11-05 04:04:57,Both,-0.19
588,2016-11-05 04:36:00,Both,0.17
589,2016-11-05 05:02:21,Both,0.18
590,2016-11-05 05:09:39,Both,-0.1
591,2016-11-05 05:27:11,Both,-0.09
592,2016-11-05 05:55:28,Both,0.1
593,2016-11-05 06:53:37,Both,-0.23
594,2016-11-05 07:20:24,Both,0.06
595,2016-11-05 07:31:25,Both,0.03
596,2016-11-05 07:40:49,Both,0.15
597,2016-11-05 07:41:37,Both,0.02
598,2016-11-05 07:42:00,Both,0.27
599,2016-11-05 07:57:24,Both,-0.05
600,2016-11-05 08:05:48,Both,0.09
601,2016-11-05 08:16:09,Both,-0.06
602,2016-11-05 08:22:40,Both,0.21
603,2016-11-05 08:23:19,Both,0.07
604,2016-11-05 08:38:07,Both,0.01
605,2016-11-05 08:38:23,Both,0.0
606,2016-11-05 08:41:07,Both,0.17
607,2016-11-05 08:41:19,Both,0.05
608,2016-11-05 08:51:09,Both,0.07
609,2016-11-05 08:58:25,Both,0.31
610,2016-11-05 09:07:56,Both,0.19
611,2016-11-05 09:31:15,Both,0.08
612,2016-11-05 09:33:06,Both,0.46
613,2016-11-05 09:43:21,Both,0.27
614,2016-11-05 09:51:46,Both,0.16
615,2016-11-05 10:18:01,Both,0.28
616,2016-11-05 10:29:50,Both,0.07
617,2016-11-05 10:33:33,Both,0.15
618,2016-11-05 10:36:13,Both,0.1
619,2016-11-05 10:37:00,Both,0.13
620,2016-11-05 10:57:07,Both,0.17
621,2016-11-05 11:09:16,Both,0.41
622,2016-11-05 11:09:37,Both,0.07
623,2016-11-05 11:20:54,Both,0.13
624,2016-11-05 11:25:28,Both,0.13
625,2016-11-05 11:29:09,Both,0.18
626,2016-11-05 12:00:49,Both,0.3
627,2016-11-05 12:03:59,Both,0.08
628,2016-11-05 12:04:17,Both,0.32
629,2016-11-05 12:19:23,Both,0.23
630,2016-11-05 12:37:15,Both,0.18
631,2016-11-05 12:44:54,Both,0.27
632,2016-11-05 12:49:51,Both,0.04
633,2016-11-05 13:00:29,Both,-0.16
634,2016-11-05 13:12:30,Both,0.07
635,2016-11-05 13:17:16,Both,-0.14
636,2016-11-05 13:21:55,Both,0.09
637,2016-11-05 13:22:17,Both,0.17
638,2016-11-05 13:29:47,Both,0.05
639,2016-11-05 13:35:10,Both,0.18
640,2016-11-05 13:35:57,Both,-0.04
641,2016-11-05 13:41:22,Both,0.02
642,2016-11-05 13:46:09,Both,-0.1
643,2016-11-05 13:57:27,Both,0.06
644,2016-11-05 13:57:58,Both,0.05
645,2016-11-05 14:03:16,Both,0.3
646,2016-11-05 14:22:05,Both,0.76
647,2016-11-05 14:25:22,Both,0.47
648,2016-11-05 14:27:10,Both,0.07
649,2016-11-05 14:31:46,Both,0.55
650,2016-11-05 14:34:47,Both,0.42
651,2016-11-05 14:46:35,Both,0.41
652,2016-11-05 14:53:26,Both,0.35
653,2016-11-05 14:57:04,Both,0.39
654,2016-11-05 14:57:29,Both,0.69
655,2016-11-05 14:57:48,Both,0.26
656,2016-11-05 14:58:32,Both,0.39
657,2016-11-05 15:03:48,Both,0.28
658,2016-11-05 15:04:17,Both,0.22
659,2016-11-05 15:05:53,Both,0.2
660,2016-11-05 15:08:12,Both,0.31
661,2016-11-05 15:09:19,Both,0.39
662,2016-11-05 15:09:55,Both,0.33
663,2016-11-05 15:17:17,Both,0.25
664,2016-11-05 15:20:33,Both,0.32
665,2016-11-05 15:21:49,Both,0.28
666,2016-11-05 15:22:00,Both,0.23
667,2016-11-05 15:25:06,Both,0.61
668,2016-11-05 15:30:39,Both,0.36
669,2016-11-05 15:32:32,Both,0.31
670,2016-11-05 15:34:07,Both,0.37
671,2016-11-05 15:34:37,Both,0.41
672,2016-11-05 15:37:03,Both,0.22
673,2016-11-05 15:41:15,Both,0.38
674,2016-11-05 15:44:13,Both,0.31
675,2016-11-05 15:45:00,Both,0.49
676,2016-11-05 15:53:18,Both,0.56
677,2016-11-05 16:00:10,Both,-0.04
678,2016-11-05 16:01:07,Both,0.19
679,2016-11-05 16:07:11,Both,0.2
680,2016-11-05 16:07:44,Both,0.32
681,2016-11-05 16:08:56,Both,0.51
682,2016-11-05 16:14:19,Both,0.37
683,2016-11-05 16:15:52,Both,0.59
684,2016-11-05 16:23:11,Both,0.19
685,2016-11-05 16:27:09,Both,0.45
686,2016-11-05 16:34:42,Both,0.55
687,2016-11-05 16:36:52,Both,0.34
688,2016-11-05 16:50:47,Both,0.22
689,2016-11-05 16:52:33,Both,0.65
690,2016-11-05 17:05:17,Both,0.86
691,2016-11-05 17:10:13,Both,0.15
692,2016-11-05 17:15:31,Both,0.25
693,2016-11-05 17:16:15,Both,0.46
694,2016-11-05 17:20:01,Both,0.16
695,2016-11-05 17:28:28,Both,0.49
696,2016-11-05 17:32:57,Both,0.21
697,2016-11-05 17:37:15,Both,0.27
698,2016-11-05 17:43:00,Both,0.33
699,2016-11-05 17:44:58,Both,0.45
700,2016-11-05 17:49:48,Both,0.66
701,2016-11-05 17:53:30,Both,0.23
702,2016-11-05 18:00:27,Both,0.49
703,2016-11-05 18:15:21,Both,0.69
704,2016-11-05 18:17:32,Both,0.24
705,2016-11-05 18:22:31,Both,0.5
706,2016-11-05 18:22:37,Both,0.52
707,2016-11-05 18:27:29,Both,0.15
708,2016-11-05 18:35:41,Both,0.37
709,2016-11-05 18:36:38,Both,0.28
710,2016-11-05 18:38:27,Both,0.21
711,2016-11-05 18:43:20,Both,0.35
712,2016-11-05 18:43:31,Both,0.46
713,2016-11-05 18:46:22,Both,0.32
714,2016-11-05 18:51:23,Both,0.15
715,2016-11-05 18:52:08,Both,0.43
716,2016-11-05 19:05:55,Both,0.81
717,2016-11-05 19:14:47,Both,0.13
718,2016-11-05 19:17:52,Both,0.39
719,2016-11-05 19:18:21,Both,0.29
720,2016-11-05 19:32:21,Both,0.51
721,2016-11-05 19:33:38,Both,0.33
722,2016-11-05 19:40:34,Both,0.43
723,2016-11-05 19:42:07,Both,0.43
724,2016-11-05 19:44:57,Both,0.22
725,2016-11-05 19:53:57,Both,0.6
726,2016-11-05 20:00:19,Both,0.09
727,2016-11-05 20:02:29,Both,0.22
728,2016-11-05 20:02:39,Both,0.52
729,2016-11-05 20:05:02,Both,0.33
730,2016-11-05 20:05:42,Both,0.37
731,2016-11-05 20:05:59,Both,0.47
732,2016-11-05 20:09:05,Both,0.24
733,2016-11-05 20:11:58,Both,0.27
734,2016-11-05 20:17:58,Both,0.11
735,2016-11-05 20:18:21,Both,-0.04
736,2016-11-05 20:22:43,Both,0.24
737,2016-11-05 20:22:51,Both,0.04
738,2016-11-05 20:28:16,Both,0.45
739,2016-11-05 20:28:50,Both,0.05
740,2016-11-05 20:33:12,Both,0.25
741,2016-11-05 20:35:13,Both,0.45
742,2016-11-05 20:36:52,Both,0.14
743,2016-11-05 20:37:34,Both,0.07
744,2016-11-05 20:41:21,Both,0.25
745,2016-11-05 20:44:14,Both,0.27
746,2016-11-05 20:44:22,Both,0.24
747,2016-11-05 20:48:50,Both,0.3
748,2016-11-05 20:55:05,Both,0.2
749,2016-11-05 20:59:01,Both,0.27
750,2016-11-05 21:00:15,Both,0.56
751,2016-11-05 21:12:54,Both,0.6
752,2016-11-05 21:32:46,Both,0.47
753,2016-11-05 21:36:41,Both,0.69
754,2016-11-05 21:43:30,Both,0.39
755,2016-11-05 21:55:11,Both,0.49
756,2016-11-05 22:01:17,Both,0.51
757,2016-11-05 22:04:17,Both,0.3
758,2016-11-05 22:13:17,Both,0.26
759,2016-11-05 22:15:34,Both,0.5
760,2016-11-05 22:15:49,Both,0.18
761,2016-11-05 22:19:53,Both,0.7
762,2016-11-05 22:25:46,Both,0.35
763,2016-11-05 22:36:54,Both,0.18
764,2016-11-05 22:41:46,Both,0.54
765,2016-11-05 22:51:11,Both,0.48
766,2016-11-05 22:51:18,Both,0.25
767,2016-11-05 22:55:36,Both,0.27
768,2016-11-05 23:24:28,Both,0.55
769,2016-11-05 23:27:29,Both,0.48
770,2016-11-05 23:35:27,Both,0.46
771,2016-11-06 00:00:25,Both,0.36
772,2016-11-06 00:03:34,Both,0.42
773,2016-11-06 00:15:27,Both,0.24
774,2016-11-06 00:23:12,Both,0.44
775,2016-11-06 00:37:27,Both,0.43
776,2016-11-06 00:42:52,Both,0.66
777,2016-11-06 00:50:38,Both,0.18
778,2016-11-06 00:52:16,Both,0.44
779,2016-11-06 00:55:58,Both,0.22
780,2016-11-06 01:02:59,Both,0.24
781,2016-11-06 01:17:21,Both,0.15
782,2016-11-06 01:39:08,Both,0.21
783,2016-11-06 01:52:19,Both,0.48
784,2016-11-06 01:57:58,Both,0.54
785,2016-11-06 02:08:17,Both,0.23
786,2016-11-06 02:10:28,Both,0.19
787,2016-11-06 02:11:58,Both,0.44
788,2016-11-06 02:32:55,Both,0.17
789,2016-11-06 02:33:27,Both,0.18
790,2016-11-06 02:34:00,Both,0.71
791,2016-11-06 02:50:43,Both,0.27
792,2016-11-06 03:18:20,Both,0.55
793,2016-11-06 03:30:01,Both,0.3
794,2016-11-06 03:44:39,Both,0.35
795,2016-11-06 03:57:03,Both,0.14
796,2016-11-06 04:11:46,Both,0.24
797,2016-11-06 04:35:15,Both,0.42
798,2016-11-06 04:46:10,Both,0.64
799,2016-11-06 04:59:42,Both,0.24
800,2016-11-06 05:14:41,Both,-0.05
801,2016-11-06 05:27:00,Both,0.12
802,2016-11-06 05:28:44,Both,0.36
803,2016-11-06 05:28:48,Both,0.25
804,2016-11-06 05:48:23,Both,0.33
805,2016-11-06 05:55:16,Both,0.31
806,2016-11-06 06:13:13,Both,0.42
807,2016-11-06 06:13:19,Both,0.32
808,2016-11-06 06:14:34,Both,0.25
809,2016-11-06 06:27:59,Both,0.16
810,2016-11-06 06:35:00,Both,0.09
811,2016-11-06 06:47:04,Both,0.36
812,2016-11-06 06:47:47,Both,0.22
813,2016-11-06 06:56:41,Both,0.15
814,2016-11-06 07:46:38,Both,0.32
815,2016-11-06 08:00:45,Both,0.17
816,2016-11-06 09:42:07,Both,0.15
817,2016-11-06 09:57:33,Both,0.32
818,2016-11-06 10:28:32,Both,0.11
819,2016-11-06 11:04:31,Both,0.3
820,2016-11-06 11:05:30,Both,0.44
821,2016-11-06 12:10:18,Both,-0.02
822,2016-11-06 14:48:37,Both,-0.06
823,2016-11-06 14:49:30,Both,0.34
824,2016-11-06 15:21:25,Both,-0.08
825,2016-11-06 15:41:01,Both,0.16
826,2016-11-06 17:00:38,Both,0.0
827,2016-11-06 18:04:32,Both,0.23
828,2016-11-06 18:38:33,Both,0.48
829,2016-11-06 19:09:46,Both,-0.05
830,2016-11-06 20:22:55,Both,0.34
831,2016-11-06 21:38:38,Both,-0.18
832,2016-11-06 22:12:54,Both,-0.17
833,2016-11-06 23:33:31,Both,0.47
834,2016-11-06 23:59:29,Both,0.19
835,2016-11-07 00:08:39,Both,-0.07
836,2016-11-07 01:47:00,Both,0.23
837,2016-11-07 03:21:45,Both,0.01
838,2016-11-07 03:35:46,Both,0.14
839,2016-11-07 03:36:04,Both,0.13
840,2016-11-07 04:37:50,Both,0.18
841,2016-11-07 04:55:56,Both,0.12
842,2016-11-07 05:13:13,Both,-0.19
843,2016-11-07 05:26:08,Both,0.05
844,2016-11-07 07:15:13,Both,-0.14
845,2016-11-07 07:15:22,Both,-0.11
846,2016-11-07 07:15:43,Both,-0.1
847,2016-11-07 07:25:14,Both,0.2
848,2016-11-07 08:27:33,Both,0.34
849,2016-11-07 08:29:23,Both,-0.05
850,2016-11-07 09:44:10,Both,0.2
851,2016-11-07 10:45:22,Both,0.62
852,2016-11-07 10:48:46,Both,0.23
853,2016-11-07 11:05:52,Both,0.65
854,2016-11-07 11:26:28,Both,0.66
855,2016-11-07 11:50:41,Both,0.37
856,2016-11-07 11:56:57,Both,0.07
857,2016-11-07 12:49:58,Both,1.07
858,2016-11-07 13:45:07,Both,1.0
859,2016-11-07 14:07:24,Both,-0.07
860,2016-11-07 14:19:11,Both,-0.17
861,2016-11-07 14:21:38,Both,-0.03
862,2016-11-07 14:22:27,Both,0.13
863,2016-11-07 14:31:08,Both,-0.07
864,2016-11-07 15:08:10,Both,0.33
865,2016-11-07 15:12:54,Both,-0.05
866,2016-11-07 15:14:27,Both,0.01
867,2016-11-07 15:35:56,Both,-0.01
868,2016-11-07 15:50:39,Both,-0.17
869,2016-11-07 15:51:46,Both,-0.19
870,2016-11-07 16:09:10,Both,0.95
871,2016-11-07 17:01:11,Both,-0.1
872,2016-11-07 17:13:08,Both,0.26
873,2016-11-07 17:58:27,Both,-0.05
874,2016-11-07 17:58:41,Both,-0.17
875,2016-11-07 19:02:11,Both,0.8
876,2016-11-07 19:57:42,Both,0.1
877,2016-11-07 21:31:54,Both,-0.12
878,2016-11-07 21:55:40,Both,-0.34
879,2016-11-07 21:57:27,Both,-0.11
880,2016-11-07 23:17:46,Both,0.12
881,2016-11-07 23:56:25,Both,-0.29
882,2016-11-07 23:58:03,Both,-0.16
883,2016-11-08 00:13:32,Both,0.22
884,2016-11-08 00:21:56,Both,0.38
885,2016-11-08 01:10:56,Both,-0.11
886,2016-11-08 01:11:29,Both,-0.15
887,2016-11-08 02:01:38,Both,0.0
888,2016-11-08 03:00:30,Both,-0.07
889,2016-11-08 03:05:32,Both,0.19
890,2016-11-08 03:41:04,Both,-0.11
891,2016-11-08 04:24:36,Both,1.44
892,2016-11-08 05:30:23,Both,0.03
893,2016-11-08 05:40:56,Both,-0.02
894,2016-11-08 05:44:36,Both,0.51
895,2016-11-08 06:26:43,Both,0.25
896,2016-11-08 08:53:57,Both,1.23
897,2016-11-08 11:41:06,Both,0.22
898,2016-11-08 12:12:30,Both,0.1
899,2016-11-08 13:16:57,Both,1.27
900,2016-11-08 17:04:02,Both,0.15
901,2016-11-08 17:26:57,Both,0.6
902,2016-11-08 19:57:04,Both,-0.1
903,2016-11-08 21:33:27,Both,0.72
904,2016-11-09 00:11:41,Both,-0.02
905,2016-11-09 02:24:21,Both,0.55
906,2016-11-09 04:30:10,Both,0.75
907,2016-11-09 06:14:51,Both,0.34
908,2016-11-09 08:09:01,Both,1.3
909,2016-11-09 12:06:54,Both,0.31
910,2016-11-09 13:33:44,Both,1.51
911,2016-11-09 15:38:38,Both,0.08
912,2016-11-09 16:06:15,Both,0.03
913,2016-11-09 16:07:45,Both,-0.02
914,2016-11-09 16:26:29,Both,-0.1
915,2016-11-09 16:51:27,Both,0.04
916,2016-11-09 17:32:41,Both,0.13
917,2016-11-09 17:36:28,Both,0.54
918,2016-11-09 18:24:38,Both,0.22
919,2016-11-09 19:01:38,Both,0.57
920,2016-11-09 20:19:00,Both,0.21
921,2016-11-09 22:54:54,Both,0.77
922,2016-11-09 23:42:47,Both,0.33
923,2016-11-10 00:11:44,Both,-0.24
924,2016-11-10 00:45:00,Both,0.04
925,2016-11-10 02:37:59,Both,0.49
926,2016-11-10 02:54:55,Both,0.14
927,2016-11-10 03:05:56,Both,2.67
928,2016-11-10 03:06:30,Both,2.35
929,2016-11-10 04:13:10,Both,0.46
930,2016-11-10 04:31:14,Both,0.58
931,2016-11-10 04:52:20,Both,0.81
932,2016-11-10 05:34:26,Both,0.98
933,2016-11-10 05:59:24,Both,1.11
934,2016-11-10 06:47:15,Both,-0.01
935,2016-11-10 07:06:29,Both,0.93
936,2016-11-10 08:47:02,Both,0.26
937,2016-11-10 09:55:30,Both,2.15
938,2016-11-10 10:05:05,Both,0.25
939,2016-11-10 10:08:57,Both,0.54
940,2016-11-10 10:20:29,Both,0.16
941,2016-11-10 10:39:07,Both,0.64
942,2016-11-10 10:48:07,Both,0.12
943,2016-11-10 12:38:49,Both,-0.13
944,2016-11-10 13:12:37,Both,0.52
945,2016-11-10 14:28:53,Both,1.52
946,2016-11-10 15:01:39,Both,-0.07
947,2016-11-10 15:58:35,Both,0.26
948,2016-11-10 16:05:42,Both,-0.16
949,2016-11-10 16:09:15,Both,-0.28
950,2016-11-10 16:11:22,Both,-0.04
951,2016-11-10 16:32:25,Both,-0.26
952,2016-11-10 16:39:19,Both,-0.2
953,2016-11-10 17:38:36,Both,0.26
954,2016-11-10 18:35:00,Both,0.01
955,2016-11-10 18:53:15,Both,0.12
956,2016-11-10 19:06:36,Both,-0.15
957,2016-11-10 19:08:40,Both,0.02
958,2016-11-10 19:08:56,Both,0.0
959,2016-11-10 19:34:21,Both,-0.13
960,2016-11-10 19:38:44,Both,-0.02
961,2016-11-10 20:01:33,Both,0.05
962,2016-11-10 21:00:56,Both,0.08
963,2016-11-10 21:43:26,Both,0.07
964,2016-11-10 21:54:06,Both,0.33
965,2016-11-10 22:16:40,Both,0.22
966,2016-11-10 22:17:21,Both,0.21
967,2016-11-10 22:26:07,Both,0.58
968,2016-11-10 23:04:34,Both,0.14
969,2016-11-10 23:44:33,Both,0.64
970,2016-11-11 00:42:20,Both,-0.05
971,2016-11-11 01:37:04,Both,-0.06
972,2016-11-11 02:33:46,Both,2.14
973,2016-11-11 03:16:33,Both,1.04
974,2016-11-11 06:25:45,Both,0.16
975,2016-11-11 07:51:10,Both,1.11
976,2016-11-11 08:09:40,Both,0.37
977,2016-11-11 08:14:51,Both,0.2
978,2016-11-11 08:18:15,Both,0.06
979,2016-11-11 08:29:45,Both,0.28
980,2016-11-11 08:42:19,Both,0.29
981,2016-11-11 09:10:25,Both,0.63
982,2016-11-11 09:16:04,Both,0.18
983,2016-11-11 10:27:04,Both,0.57
984,2016-11-11 10:28:05,Both,0.14
985,2016-11-11 11:24:10,Both,2.37
986,2016-11-11 12:15:26,Both,0.46
987,2016-11-11 12:45:37,Both,1.39
988,2016-11-11 13:55:10,Both,0.96
989,2016-11-11 14:04:36,Both,0.19
990,2016-11-11 14:09:22,Both,0.12
991,2016-11-11 14:23:21,Both,-0.1
992,2016-11-11 14:24:14,Both,0.22
993,2016-11-11 14:56:45,Both,0.08
994,2016-11-11 15:06:59,Both,1.55
995,2016-11-11 15:35:45,Both,0.0
996,2016-11-11 16:09:53,Both,-0.22
997,2016-11-11 16:15:10,Both,0.03
998,2016-11-11 16:28:37,Both,-0.09
999,2016-11-11 16:35:29,Both,-0.27
1000,2016-11-11 16:36:44,Both,0.08
1001,2016-11-11 16:53:32,Both,-0.19
1002,2016-11-11 16:59:10,Both,0.12
1003,2016-11-11 17:37:54,Both,0.38
1004,2016-11-11 17:44:48,Both,0.31
1005,2016-11-11 18:39:38,Both,0.53
1006,2016-11-11 19:06:25,Both,0.06
1007,2016-11-11 19:10:06,Both,0.15
1008,2016-11-11 19:18:40,Both,0.08
1009,2016-11-11 20:43:42,Both,1.06
1010,2016-11-11 20:51:46,Both,0.55
1011,2016-11-11 21:05:27,Both,0.0
1012,2016-11-11 21:15:53,Both,-0.32
1013,2016-11-11 21:37:20,Both,-0.01
1014,2016-11-11 22:19:03,Both,0.02
1015,2016-11-11 23:04:23,Both,0.27
1016,2016-11-11 23:08:03,Both,-0.06
1017,2016-11-11 23:22:30,Both,-0.16
